Name,ClassName,Type,Description,Solution,Image Link,Plant Name
Bệnh đốm lá ngô,Corn_Blight_1146,Bệnh nấm,"<div><h2>Mô tả bệnh</h2><p>Bệnh đốm lá ngô, do nấm <strong>Bipolaris zeicola</strong> gây ra, là một bệnh phổ biến ảnh hưởng đến cây ngô. Bệnh này thường phát triển trong điều kiện ẩm ướt và nhiệt độ ấm áp, gây thiệt hại đáng kể cho năng suất cây trồng.</p><h3>Triệu chứng</h3><ul><li>Xuất hiện các đốm dài, màu nâu nhạt hoặc xám trên lá.</li><li>Các đốm có thể lan rộng và hợp nhất, làm lá bị khô và chết.</li><li>Lá dưới bị ảnh hưởng đầu tiên, sau đó lan lên các lá trên.</li></ul><h3>Nguyên nhân</h3><p>Bệnh phát triển mạnh trong điều kiện:</p><ul><li>Độ ẩm cao và mưa nhiều.</li><li>Nhiệt độ từ 20-30°C.</li><li>Trồng mật độ dày, thiếu ánh sáng và thông gió.</li></ul><h3>Thông tin thêm</h3><ul><li><strong>Tên khoa học:</strong> Bipolaris zeicola</li><li><strong>Lưu ý quan trọng:</strong> Vệ sinh đồng ruộng, luân canh cây trồng và sử dụng giống kháng bệnh là các biện pháp phòng ngừa hiệu quả.</li></ul></div>","Cách phòng trừ: Sử dụng các loại thuốc trừ nấm như Azoxystrobin, Pyraclostrobin.",https://example.com/corn_blight.jpg,Ngô
Bệnh rỉ sắt ngô,Corn_Common_Rust_1306,Bệnh nấm,"<div><h2>Mô tả bệnh</h2><p>Bệnh rỉ sắt ngô do nấm <strong>Puccinia sorghi</strong> gây ra, là một bệnh phổ biến trên toàn cầu. Bệnh này làm giảm khả năng quang hợp của cây, từ đó ảnh hưởng đến sự phát triển và năng suất.</p><h3>Triệu chứng</h3><ul><li>Xuất hiện các nốt sần nhỏ, màu cam hoặc nâu trên lá.</li><li>Các nốt sần thường phân bố dày đặc ở mặt dưới lá.</li><li>Lá có thể bị vàng và khô sớm.</li></ul><h3>Nguyên nhân</h3><p>Bệnh phát triển mạnh trong điều kiện:</p><ul><li>Thời tiết mát mẻ, ẩm ướt.</li><li>Độ ẩm cao.</li><li>Mưa nhiều.</li></ul><h3>Thông tin thêm</h3><ul><li><strong>Tên khoa học:</strong> Puccinia sorghi</li><li><strong>Lưu ý quan trọng:</strong> Luân canh cây trồng và loại bỏ tàn dư cây bệnh là biện pháp phòng ngừa hiệu quả.</li></ul></div>","Cách phòng trừ: Phun các loại thuốc trừ nấm có chứa hoạt chất Mancozeb, Propiconazole.",https://example.com/corn_rust.jpg,Ngô
Cây ngô khỏe mạnh,Corn_Healthy_1162,Không bệnh,"<div><h2>Mô tả trạng thái</h2><p>Cây ngô khỏe mạnh có lá xanh tươi, thân cây cứng cáp và phát triển bình thường. Đây là trạng thái lý tưởng cho việc sản xuất năng suất cao.</p><h3>Đặc điểm</h3><ul><li>Lá có màu xanh đậm, không có đốm hoặc dấu hiệu bất thường.</li><li>Thân cây thẳng và khỏe.</li><li>Bắp ngô phát triển đều, hạt đầy và chắc.</li></ul><h3>Thông tin thêm</h3><ul><li><strong>Lưu ý quan trọng:</strong> Duy trì chế độ chăm sóc tốt, cung cấp đủ nước và dinh dưỡng để cây phát triển tối ưu.</li></ul></div>","Cách phòng trừ: Duy trì chế độ chăm sóc tốt, bón phân cân đối và tưới nước hợp lý.",https://example.com/corn_healthy.jpg,Ngô
Bệnh đốm xám ngô,Corn_Gray_Leaf_Spot_1087,Bệnh nấm,"<div><h2>Mô tả bệnh</h2><p>Bệnh đốm xám ngô do nấm <strong>Cercospora zeae-maydis</strong> gây ra. Bệnh này có thể gây thiệt hại nghiêm trọng cho năng suất, đặc biệt là trong điều kiện khí hậu ấm, ẩm.</p><h3>Triệu chứng</h3><ul><li>Xuất hiện các đốm dài, hình chữ nhật, màu xám hoặc nâu trên lá.</li><li>Các đốm này có thể lan rộng và hợp nhất, làm cho lá trông như bị cháy.</li><li>Lá dưới bị ảnh hưởng trước, sau đó lan lên trên.</li></ul><h3>Nguyên nhân</h3><p>Bệnh phát triển mạnh trong điều kiện:</p><ul><li>Độ ẩm cao và nhiệt độ ấm.</li><li>Trồng liên tục trên cùng một diện tích.</li></ul><h3>Thông tin thêm</h3><ul><li><strong>Tên khoa học:</strong> Cercospora zeae-maydis</li><li><strong>Lưu ý quan trọng:</strong> Sử dụng giống kháng bệnh và luân canh cây trồng là biện pháp hiệu quả.</li></ul></div>","Cách phòng trừ: Phun các loại thuốc trừ nấm như Pyraclostrobin, Azoxystrobin.",https://example.com/corn_gray_leaf_spot.jpg,Ngô
Sâu bọ gây hại ngô,Corn_grasshoper_673,Sâu hại,"<div><h2>Mô tả sâu hại</h2><p>Châu chấu là loài sâu bọ gây hại phổ biến, ăn lá và các bộ phận non của cây ngô, làm giảm diện tích lá quang hợp và ảnh hưởng đến sự phát triển của cây.</p><h3>Triệu chứng</h3><ul><li>Lá cây bị cắn nham nhở, có nhiều lỗ thủng.</li><li>Xuất hiện châu chấu trên lá và thân cây.</li><li>Cây chậm phát triển, năng suất giảm.</li></ul><h3>Nguyên nhân</h3><p>Sâu hại phát triển mạnh trong điều kiện:</p><ul><li>Thời tiết khô ráo.</li><li>Cánh đồng gần với các khu vực có cỏ dại.</li></ul><h3>Thông tin thêm</h3><ul><li><strong>Lưu ý quan trọng:</strong> Thường xuyên kiểm tra đồng ruộng để phát hiện và xử lý sớm.</li></ul></div>","Cách phòng trừ: Sử dụng thuốc trừ sâu hóa học hoặc các biện pháp sinh học như bẫy côn trùng, thiên địch.",https://example.com/corn_grasshopper.jpg,Ngô
Bệnh sọc lá ngô,Corn_streak virus_1000,Bệnh virus,"<div><h2>Mô tả bệnh</h2><p>Bệnh sọc lá ngô (MSV) do virus gây ra, truyền bệnh chủ yếu qua rầy. Bệnh làm giảm đáng kể năng suất và có thể gây chết cây.</p><h3>Triệu chứng</h3><ul><li>Xuất hiện các sọc màu vàng, trắng hoặc xanh nhạt chạy dọc theo gân lá.</li><li>Lá bị biến dạng, còi cọc.</li><li>Cây chậm phát triển, bắp ngô nhỏ.</li></ul><h3>Nguyên nhân</h3><p>Bệnh phát triển mạnh trong điều kiện:</p><ul><li>Thời tiết khô nóng, thuận lợi cho rầy phát triển.</li><li>Trồng giống không kháng bệnh.</li></ul><h3>Thông tin thêm</h3><ul><li><strong>Tên khoa học:</strong> Maize streak virus</li><li><strong>Lưu ý quan trọng:</strong> Biện pháp phòng trừ hiệu quả nhất là kiểm soát rầy và sử dụng giống kháng bệnh.</li></ul></div>","Cách phòng trừ: Phun thuốc trừ rầy và sử dụng giống kháng bệnh.",https://example.com/corn_streak_virus.jpg,Ngô
Bọ cánh cứng hại ngô,Corn_leaf beetle_1000,Sâu hại,"<div><h2>Mô tả sâu hại</h2><p>Bọ cánh cứng hại lá ngô là loài côn trùng gây hại phổ biến, ăn lá non và các phần mềm của cây ngô, làm giảm diện tích lá quang hợp, ảnh hưởng đến năng suất cây trồng.</p><h3>Triệu chứng</h3><ul><li>Lá cây bị cắn nham nhở, có các vết cắn hình chữ U hoặc V.</li><li>Xuất hiện bọ cánh cứng trên lá và thân cây.</li><li>Cây chậm phát triển, năng suất giảm.</li></ul><h3>Nguyên nhân</h3><p>Sâu hại phát triển mạnh trong điều kiện:</p><ul><li>Thời tiết ấm áp và ẩm ướt.</li><li>Thiếu vệ sinh đồng ruộng.</li></ul><h3>Thông tin thêm</h3><ul><li><strong>Lưu ý quan trọng:</strong> Thường xuyên kiểm tra đồng ruộng để phát hiện và xử lý sớm.</li></ul></div>","Cách phòng trừ: Phun thuốc trừ sâu hóa học hoặc sử dụng các biện pháp sinh học.",https://example.com/corn_leaf_beetle.jpg,Ngô
Cây nho khỏe mạnh,Grape_Healthy (1254),Không bệnh,"<div><h2>Mô tả trạng thái</h2><p>Cây nho khỏe mạnh có lá xanh tươi, không có đốm bệnh hay dấu hiệu sâu hại. Cây phát triển mạnh mẽ, cành lá sum suê và quả đều, đẹp.</p><h3>Đặc điểm</h3><ul><li>Lá có màu xanh đậm, không bị xoăn hay biến dạng.</li><li>Cành cây chắc khỏe, tán lá rộng.</li><li>Quả nho to, đều, không có vết thối hoặc đốm.</li></ul><h3>Thông tin thêm</h3><ul><li><strong>Lưu ý quan trọng:</strong> Chăm sóc tốt, bón phân và tưới nước hợp lý để cây phát triển tối ưu.</li></ul></div>","Cách phòng trừ: Chăm sóc tốt, tỉa cành, bón phân và tưới nước hợp lý.",https://example.com/grape_healthy.jpg,Nho
Bệnh phấn trắng nho,Grape_Powdery Mildew (406),Bệnh nấm,"<div><h2>Mô tả bệnh</h2><p>Bệnh phấn trắng nho do nấm <strong>Erysiphe necator</strong> gây ra. Bệnh này làm giảm khả năng quang hợp của cây, ảnh hưởng đến chất lượng và sản lượng quả.</p><h3>Triệu chứng</h3><ul><li>Xuất hiện lớp phấn trắng mịn trên lá, cành và quả.</li><li>Lá bị xoăn, biến dạng.</li><li>Quả bị nứt, thối.</li></ul><h3>Nguyên nhân</h3><p>Bệnh phát triển mạnh trong điều kiện:</p><ul><li>Thời tiết khô nóng, ít mưa.</li><li>Độ ẩm không khí cao, nhưng bề mặt lá khô.</li></ul><h3>Thông tin thêm</h3><ul><li><strong>Tên khoa học:</strong> Erysiphe necator</li><li><strong>Lưu ý quan trọng:</strong> Tỉa cành, vệ sinh vườn và phun thuốc phòng ngừa sớm.</li></ul></div>","Cách phòng trừ: Phun các loại thuốc trừ nấm như lưu huỳnh, Azoxystrobin.",https://example.com/grape_powdery_mildew.jpg,Nho
Bệnh sương mai nho,Grape_Downy Mildew (966),Bệnh nấm,"<div><h2>Mô tả bệnh</h2><p>Bệnh sương mai nho do nấm <strong>Plasmopara viticola</strong> gây ra. Bệnh này phát triển mạnh trong điều kiện ẩm ướt và có thể gây thiệt hại nghiêm trọng cho toàn bộ vườn nho.</p><h3>Triệu chứng</h3><ul><li>Xuất hiện các đốm dầu màu vàng, sau đó chuyển sang màu nâu trên mặt trên của lá.</li><li>Mặt dưới lá xuất hiện lớp nấm mốc màu trắng.</li><li>Lá bị rụng sớm, quả bị thối.</li></ul><h3>Nguyên nhân</h3><p>Bệnh phát triển mạnh trong điều kiện:</p><ul><li>Độ ẩm cao và mưa nhiều.</li><li>Nhiệt độ từ 10-25°C.</li></ul><h3>Thông tin thêm</h3><ul><li><strong>Tên khoa học:</strong> Plasmopara viticola</li><li><strong>Lưu ý quan trọng:</strong> Phun thuốc phòng ngừa trước khi bệnh bùng phát.</li></ul></div>","Cách phòng trừ: Phun các loại thuốc có chứa hoạt chất Mancozeb, Metaxyl.",https://example.com/grape_downy_mildew.jpg,Nho
Bệnh đốm lá nho,Grape_Leaf Blight (1722),Bệnh nấm,"<div><h2>Mô tả bệnh</h2><p>Bệnh đốm lá nho là một thuật ngữ chung cho nhiều bệnh nấm gây ra các đốm trên lá nho, trong đó phổ biến là bệnh do nấm <strong>Colletotrichum spp.</strong> gây ra.</p><h3>Triệu chứng</h3><ul><li>Xuất hiện các đốm màu nâu hoặc đen, có thể có quầng sáng bao quanh.</li><li>Các đốm có thể lan rộng và hợp nhất, làm lá bị khô và rụng sớm.</li><li>Cây chậm phát triển, giảm năng suất.</li></ul><h3>Nguyên nhân</h3><p>Bệnh phát triển mạnh trong điều kiện:</p><ul><li>Độ ẩm cao và mưa nhiều.</li><li>Thiếu thông gió.</li></ul><h3>Thông tin thêm</h3><ul><li><strong>Tên khoa học:</strong> Colletotrichum spp.</li><li><strong>Lưu ý quan trọng:</strong> Vệ sinh vườn, tỉa cành và phun thuốc phòng ngừa.</li></ul></div>","Cách phòng trừ: Sử dụng các loại thuốc trừ nấm phổ rộng như Chlorothalonil.",https://example.com/grape_leaf_blight.jpg,Nho
Bệnh thán thư nho,Grape_Black Rot (1888),Bệnh nấm,"<div><h2>Mô tả bệnh</h2><p>Bệnh thán thư nho do nấm <strong>Guignardia bidwellii</strong> gây ra. Bệnh này rất nguy hiểm, có thể làm thối rữa toàn bộ chùm quả.</p><h3>Triệu chứng</h3><ul><li>Xuất hiện các đốm màu nâu trên lá, sau đó chuyển sang màu đen.</li><li>Quả nho bị thối rữa, chuyển sang màu đen và teo lại.</li><li>Xuất hiện các đốm đen trên cành và thân.</li></ul><h3>Nguyên nhân</h3><p>Bệnh phát triển mạnh trong điều kiện:</p><ul><li>Thời tiết ẩm ướt, nhiệt độ ấm áp.</li><li>Thiếu thông gió, vườn quá rậm.</li></ul><h3>Thông tin thêm</h3><ul><li><strong>Tên khoa học:</strong> Guignardia bidwellii</li><li><strong>Lưu ý quan trọng:</strong> Vệ sinh vườn, tỉa cành và phun thuốc phòng ngừa đúng lúc.</li></ul></div>","Cách phòng trừ: Phun các loại thuốc trừ nấm như Mancozeb, Captan.",https://example.com/grape_black_rot.jpg,Nho
Bệnh Esca nho,Grape_Esca (1920),Bệnh nấm,"<div><h2>Mô tả bệnh</h2><p>Bệnh Esca, còn được gọi là bệnh gỗ của nho, do một phức hợp các loài nấm gây ra, trong đó có <strong>Phaeoacremonium spp.</strong> và <strong>Phaeomoniella chlamydospora</strong>. Bệnh này gây hại nghiêm trọng cho bộ phận thân và gỗ của cây nho.</p><h3>Triệu chứng</h3><ul><li>Lá có các vết hoại tử hình vệt giữa các gân, sau đó khô và rụng.</li><li>Trên thân cây có các vết loét, gỗ bị mục.</li><li>Quả nho không phát triển hoặc bị thối.</li></ul><h3>Nguyên nhân</h3><p>Bệnh phát triển mạnh trong điều kiện:</p><ul><li>Thời tiết ẩm ướt, mưa nhiều.</li><li>Vết thương trên thân và cành cây.</li></ul><h3>Thông tin thêm</h3><ul><li><strong>Tên khoa học:</strong> Phaeoacremonium spp. và Phaeomoniella chlamydospora</li><li><strong>Lưu ý quan trọng:</strong> Bệnh rất khó điều trị, cần áp dụng các biện pháp phòng ngừa tổng hợp.</li></ul></div>","Cách phòng trừ: Cắt bỏ và tiêu hủy các cành, thân bị bệnh. Sử dụng keo liền sẹo cho các vết cắt.",https://example.com/grape_esca.jpg,Nho
Cây lúa khỏe mạnh,Rice_healthy (350),Không bệnh,"<div><h2>Mô tả trạng thái</h2><p>Cây lúa khỏe mạnh có thân cây cứng cáp, lá xanh mượt, không có dấu hiệu của sâu bệnh. Bông lúa trĩu hạt, đảm bảo năng suất cao.</p><h3>Đặc điểm</h3><ul><li>Lá có màu xanh đậm, không có đốm hoặc vết bệnh.</li><li>Cây phát triển đồng đều, thân đứng.</li><li>Bông lúa chắc, hạt đầy.</li></ul><h3>Thông tin thêm</h3><ul><li><strong>Lưu ý quan trọng:</strong> Duy trì chế độ chăm sóc, tưới tiêu và bón phân hợp lý để cây phát triển tốt nhất.</li></ul></div>","Cách phòng trừ: Chăm sóc tốt, bón phân cân đối và tưới tiêu hợp lý.",https://example.com/rice_healthy.jpg,Lúa
Bệnh đốm nâu lúa,Rice_brown_spot (350),Bệnh nấm,"<div><h2>Mô tả bệnh</h2><p>Bệnh đốm nâu lúa do nấm <strong>Cochliobolus miyabeanus</strong> gây ra. Bệnh gây ra các đốm trên lá, bẹ lá và hạt, làm giảm chất lượng và năng suất lúa.</p><h3>Triệu chứng</h3><ul><li>Xuất hiện các đốm nhỏ, hình tròn hoặc bầu dục, màu nâu sẫm trên lá.</li><li>Các đốm có thể có quầng vàng bao quanh.</li><li>Hạt lúa bị đốm đen, lép.</li></ul><h3>Nguyên nhân</h3><p>Bệnh phát triển mạnh trong điều kiện:</p><ul><li>Độ ẩm cao, mưa nhiều.</li><li>Thiếu dinh dưỡng, đặc biệt là kali.</li></ul><h3>Thông tin thêm</h3><ul><li><strong>Tên khoa học:</strong> Cochliobolus miyabeanus</li><li><strong>Lưu ý quan trọng:</strong> Bón phân cân đối, đặc biệt là kali, để tăng sức đề kháng cho cây.</li></ul></div>","Cách phòng trừ: Phun các loại thuốc trừ nấm như Mancozeb, Tricyclazole.",https://example.com/rice_brown_spot.jpg,Lúa
Bệnh bạc lá lúa,Rice_bacterial_leaf_blight (350),Bệnh vi khuẩn,"<div><h2>Mô tả bệnh</h2><p>Bệnh bạc lá lúa do vi khuẩn <strong>Xanthomonas oryzae pv. oryzae</strong> gây ra. Bệnh này làm giảm diện tích lá quang hợp, ảnh hưởng đến năng suất.</p><h3>Triệu chứng</h3><ul><li>Xuất hiện các vệt màu trắng hoặc xám dọc theo mép lá.</li><li>Vết bệnh lan rộng, làm lá khô và bạc màu.</li><li>Cây bị lùn, còi cọc.</li></ul><h3>Nguyên nhân</h3><p>Bệnh phát triển mạnh trong điều kiện:</p><ul><li>Mưa bão, gió to.</li><li>Độ ẩm cao.</li></ul><h3>Thông tin thêm</h3><ul><li><strong>Tên khoa học:</strong> Xanthomonas oryzae pv. oryzae</li><li><strong>Lưu ý quan trọng:</strong> Không nên bón thừa đạm, sử dụng giống kháng bệnh và vệ sinh đồng ruộng.</li></ul></div>","Cách phòng trừ: Sử dụng các loại thuốc kháng sinh nông nghiệp như Copper hydroxide, Streptomycin.",https://example.com/rice_bacterial_leaf_blight.jpg,Lúa
Bệnh đốm vằn lúa,Rice_narrow_brown_spot (350),Bệnh nấm,"<div><h2>Mô tả bệnh</h2><p>Bệnh đốm vằn lúa do nấm <strong>Cercospora oryzae</strong> gây ra. Bệnh này làm giảm diện tích lá quang hợp, ảnh hưởng đến sự phát triển của cây.</p><h3>Triệu chứng</h3><ul><li>Xuất hiện các đốm nhỏ, hình bầu dục, màu nâu sẫm trên lá.</li><li>Các đốm có thể lan rộng và hợp nhất, làm lá bị khô và rụng sớm.</li><li>Cây chậm phát triển, năng suất giảm.</li></ul><h3>Nguyên nhân</h3><p>Bệnh phát triển mạnh trong điều kiện:</p><ul><li>Độ ẩm cao, mưa nhiều.</li><li>Thiếu dinh dưỡng.</li></ul><h3>Thông tin thêm</h3><ul><li><strong>Tên khoa học:</strong> Cercospora oryzae</li><li><strong>Lưu ý quan trọng:</strong> Bón phân cân đối và vệ sinh đồng ruộng.</li></ul></div>","Cách phòng trừ: Phun các loại thuốc trừ nấm như Carbendazim, Azoxystrobin.",https://example.com/rice_narrow_brown_spot.jpg,Lúa
Bệnh khô vằn lúa,Rice_leaf_scald (350),Bệnh nấm,"<div><h2>Mô tả bệnh</h2><p>Bệnh khô vằn lúa do nấm <strong>Rhizoctonia oryzae</strong> gây ra. Bệnh này làm giảm diện tích lá quang hợp và ảnh hưởng đến năng suất.</p><h3>Triệu chứng</h3><ul><li>Xuất hiện các đốm vằn, hình bầu dục, màu nâu vàng trên bẹ lá và lá.</li><li>Vết bệnh lan rộng, làm lá bị khô và chết.</li><li>Cây chậm phát triển, hạt lúa bị lép.</li></ul><h3>Nguyên nhân</h3><p>Bệnh phát triển mạnh trong điều kiện:</p><ul><li>Độ ẩm cao, nhiệt độ ấm.</li><li>Trồng mật độ dày.</li></ul><h3>Thông tin thêm</h3><ul><li><strong>Tên khoa học:</strong> Rhizoctonia oryzae</li><li><strong>Lưu ý quan trọng:</strong> Vệ sinh đồng ruộng, tỉa bớt lá để thông thoáng.</li></ul></div>","Cách phòng trừ: Phun các loại thuốc trừ nấm như Validamycin, Azoxystrobin.",https://example.com/rice_leaf_scald.jpg,Lúa
Bệnh đạo ôn lúa,Rice_leaf_blast (350),Bệnh nấm,"<div><h2>Mô tả bệnh</h2><p>Bệnh đạo ôn lúa do nấm <strong>Pyricularia oryzae</strong> gây ra. Bệnh này là một trong những bệnh nguy hiểm nhất đối với cây lúa, có thể gây mất mùa nghiêm trọng.</p><h3>Triệu chứng</h3><ul><li>Xuất hiện các đốm hình thoi, màu xám hoặc nâu trên lá, sau đó lan rộng.</li><li>Các đốm có thể có quầng sáng bao quanh.</li><li>Cổ bông lúa bị thối, hạt lúa bị lép.</li></ul><h3>Nguyên nhân</h3><p>Bệnh phát triển mạnh trong điều kiện:</p><ul><li>Mưa, sương mù và độ ẩm cao.</li><li>Gieo sạ dày.</li></ul><h3>Thông tin thêm</h3><ul><li><strong>Tên khoa học:</strong> Pyricularia oryzae</li><li><strong>Lưu ý quan trọng:</strong> Sử dụng giống kháng bệnh và phun thuốc phòng ngừa đúng lúc.</li></ul></div>","Cách phòng trừ: Phun các loại thuốc trừ nấm đặc trị như Tricyclazole, Isoprothiolane.",https://example.com/rice_leaf_blast.jpg,Lúa
Bệnh xoăn lá cà chua,Tomato_Tomato_Yellow_Leaf_Curl_Virus(1961),Bệnh virus,"<div><h2>Mô tả bệnh</h2><p>Bệnh xoăn lá cà chua (TYLCV) do virus gây ra, truyền bệnh chủ yếu qua bọ phấn. Bệnh này làm giảm đáng kể năng suất và chất lượng quả.</p><h3>Triệu chứng</h3><ul><li>Lá non bị xoăn lên, co rúm lại, chuyển sang màu vàng.</li><li>Cây chậm phát triển, còi cọc.</li><li>Quả nhỏ, biến dạng.</li></ul><h3>Nguyên nhân</h3><p>Bệnh phát triển mạnh trong điều kiện:</p><ul><li>Thời tiết khô nóng, thuận lợi cho bọ phấn phát triển.</li><li>Thiếu vệ sinh đồng ruộng.</li></ul><h3>Thông tin thêm</h3><ul><li><strong>Tên khoa học:</strong> Tomato yellow leaf curl virus</li><li><strong>Lưu ý quan trọng:</strong> Kiểm soát bọ phấn là biện pháp hiệu quả nhất để phòng ngừa bệnh.</li></ul></div>","Cách phòng trừ: Phun thuốc trừ bọ phấn và sử dụng giống kháng bệnh.",https://example.com/tomato_yellow_leaf_curl_virus.jpg,Cà chua
Bệnh đốm vòng cà chua,Tomato_Tomato_Target_Spot(1827),Bệnh nấm,"<div><h2>Mô tả bệnh</h2><p>Bệnh đốm vòng cà chua do nấm <strong>Corynespora cassiicola</strong> gây ra. Bệnh này ảnh hưởng đến lá, thân và quả, làm giảm năng suất và chất lượng sản phẩm.</p><h3>Triệu chứng</h3><ul><li>Xuất hiện các đốm tròn, màu nâu đậm, có các vòng đồng tâm trên lá.</li><li>Các đốm có thể lan rộng và hợp nhất, làm lá bị vàng và rụng.</li><li>Trên quả, các đốm có thể làm quả bị thối.</li></ul><h3>Nguyên nhân</h3><p>Bệnh phát triển mạnh trong điều kiện:</p><ul><li>Độ ẩm cao, nhiệt độ ấm.</li><li>Trồng mật độ dày.</li></ul><h3>Thông tin thêm</h3><ul><li><strong>Tên khoa học:</strong> Corynespora cassiicola</li><li><strong>Lưu ý quan trọng:</strong> Vệ sinh đồng ruộng, tỉa bớt lá và phun thuốc phòng ngừa.</li></ul></div>","Cách phòng trừ: Phun các loại thuốc trừ nấm như Mancozeb, Chlorothalonil.",https://example.com/tomato_target_spot.jpg,Cà chua
Nhện đỏ hại cà chua,Tomato_Tomato_Spider_mites-Two_spotted_spider_mite(1741),Sâu hại,"<div><h2>Mô tả sâu hại</h2><p>Nhện đỏ (Tetranychus urticae) là một loại sâu hại phổ biến trên cây cà chua, hút nhựa cây và gây tổn thương cho lá, làm giảm năng suất.</p><h3>Triệu chứng</h3><ul><li>Xuất hiện các đốm nhỏ, màu vàng hoặc trắng trên lá.</li><li>Mặt dưới lá có tơ nhện.</li><li>Lá bị xoăn, khô và rụng sớm.</li></ul><h3>Nguyên nhân</h3><p>Sâu hại phát triển mạnh trong điều kiện:</p><ul><li>Thời tiết khô nóng.</li><li>Thiếu vệ sinh đồng ruộng.</li></ul><h3>Thông tin thêm</h3><ul><li><strong>Tên khoa học:</strong> Tetranychus urticae</li><li><strong>Lưu ý quan trọng:</strong> Kiểm soát cỏ dại và phun thuốc diệt nhện đúng cách.</li></ul></div>","Cách phòng trừ: Sử dụng thuốc trừ nhện đặc trị như Abamectin, Propargite.",https://example.com/tomato_spider_mites.jpg,Cà chua
Bệnh đốm Septoria cà chua,Tomato_Tomato_Septoria_Leaf_Spot(1745),Bệnh nấm,"<div><h2>Mô tả bệnh</h2><p>Bệnh đốm Septoria cà chua do nấm <strong>Septoria lycopersici</strong> gây ra. Bệnh này làm giảm diện tích lá quang hợp, ảnh hưởng đến năng suất và chất lượng quả.</p><h3>Triệu chứng</h3><ul><li>Xuất hiện các đốm nhỏ, hình tròn, màu nâu hoặc xám trên lá.</li><li>Các đốm có thể có quầng màu vàng bao quanh.</li><li>Lá bị vàng và rụng sớm, bắt đầu từ lá dưới.</li></ul><h3>Nguyên nhân</h3><p>Bệnh phát triển mạnh trong điều kiện:</p><ul><li>Mưa nhiều, độ ẩm cao.</li><li>Thiếu thông gió.</li></ul><h3>Thông tin thêm</h3><ul><li><strong>Tên khoa học:</strong> Septoria lycopersici</li><li><strong>Lưu ý quan trọng:</strong> Vệ sinh đồng ruộng, tỉa bớt lá và phun thuốc phòng ngừa.</li></ul></div>","Cách phòng trừ: Phun các loại thuốc trừ nấm như Chlorothalonil, Mancozeb.",https://example.com/tomato_septoria_leaf_spot.jpg,Cà chua
Bệnh khảm cà chua,Tomato_Tomato_Mosaic_Virus(1790),Bệnh virus,"<div><h2>Mô tả bệnh</h2><p>Bệnh khảm cà chua do virus khảm cà chua (TMV) gây ra. Virus này có thể lây lan qua tiếp xúc, dụng cụ làm vườn và hạt giống.</p><h3>Triệu chứng</h3><ul><li>Lá có các đốm màu xanh đậm và xanh nhạt xen kẽ, tạo thành hình khảm.</li><li>Lá bị xoăn, biến dạng.</li><li>Cây còi cọc, chậm phát triển, năng suất giảm.</li></ul><h3>Nguyên nhân</h3><p>Bệnh phát triển mạnh trong điều kiện:</p><ul><li>Sử dụng giống không sạch bệnh.</li><li>Thiếu vệ sinh dụng cụ làm vườn.</li></ul><h3>Thông tin thêm</h3><ul><li><strong>Tên khoa học:</strong> Tobacco mosaic virus</li><li><strong>Lưu ý quan trọng:</strong> Sử dụng giống sạch bệnh và khử trùng dụng cụ làm vườn thường xuyên.</li></ul></div>","Cách phòng trừ: Không có thuốc đặc trị, chỉ có thể phòng ngừa bằng cách sử dụng giống sạch bệnh và vệ sinh vườn.",https://example.com/tomato_mosaic_virus.jpg,Cà chua
Bệnh mốc lá cà chua,Tomato_Tomato_Leaf_Mold(1882),Bệnh nấm,"<div><h2>Mô tả bệnh</h2><p>Bệnh mốc lá cà chua do nấm <strong>Passalora fulva</strong> gây ra. Bệnh này phát triển mạnh trong điều kiện ẩm ướt và thiếu thông gió, làm giảm khả năng quang hợp của cây.</p><h3>Triệu chứng</h3><ul><li>Mặt trên lá xuất hiện các đốm màu vàng nhạt.</li><li>Mặt dưới lá xuất hiện lớp nấm mốc màu nâu hoặc xám.</li><li>Lá bị vàng và rụng sớm.</li></ul><h3>Nguyên nhân</h3><p>Bệnh phát triển mạnh trong điều kiện:</p><ul><li>Độ ẩm không khí cao (>85%).</li><li>Nhiệt độ ấm áp (20-25°C).</li></ul><h3>Thông tin thêm</h3><ul><li><strong>Tên khoa học:</strong> Passalora fulva</li><li><strong>Lưu ý quan trọng:</strong> Tỉa bớt lá để vườn thông thoáng và phun thuốc phòng ngừa.</li></ul></div>","Cách phòng trừ: Phun các loại thuốc trừ nấm như Chlorothalonil, Mancozeb.",https://example.com/tomato_leaf_mold.jpg,Cà chua
Bệnh mốc sương cà chua,Tomato_Tomato_Late_Blight(1851),Bệnh nấm,"<div><h2>Mô tả bệnh</h2><p>Bệnh mốc sương cà chua do nấm <strong>Phytophthora infestans</strong> gây ra. Đây là một bệnh rất nguy hiểm, có thể lây lan nhanh chóng và gây thiệt hại nặng nề cho toàn bộ vụ mùa.</p><h3>Triệu chứng</h3><ul><li>Xuất hiện các đốm màu xanh xám, sau đó chuyển sang màu nâu sẫm trên lá.</li><li>Đốm bệnh có thể lan rộng và hợp nhất, làm lá bị khô và chết.</li><li>Trên quả, các đốm bệnh màu nâu, lõm vào.</li></ul><h3>Nguyên nhân</h3><p>Bệnh phát triển mạnh trong điều kiện:</p><ul><li>Độ ẩm cao và sương mù dày đặc.</li><li>Nhiệt độ thấp (15-20°C).</li></ul><h3>Thông tin thêm</h3><ul><li><strong>Tên khoa học:</strong> Phytophthora infestans</li><li><strong>Lưu ý quan trọng:</strong> Phun thuốc phòng ngừa đúng lúc và vệ sinh đồng ruộng.</li></ul></div>","Cách phòng trừ: Phun các loại thuốc trừ nấm như Mancozeb, Metalaxyl.",https://example.com/tomato_late_blight.jpg,Cà chua
Bệnh đốm sớm cà chua,Tomato_Tomato_Early_Blight(1902),Bệnh nấm,"<div><h2>Mô tả bệnh</h2><p>Bệnh đốm sớm cà chua do nấm <strong>Alternaria solani</strong> gây ra. Bệnh này làm giảm năng suất và chất lượng quả, thường xuất hiện ở giai đoạn đầu của cây.</p><h3>Triệu chứng</h3><ul><li>Xuất hiện các đốm tròn, màu nâu sẫm trên lá.</li><li>Các đốm có thể có các vòng đồng tâm.</li><li>Lá bị vàng và rụng sớm, bắt đầu từ lá dưới.</li></ul><h3>Nguyên nhân</h3><p>Bệnh phát triển mạnh trong điều kiện:</p><ul><li>Độ ẩm cao, nhiệt độ ấm.</li><li>Thiếu thông gió.</li></ul><h3>Thông tin thêm</h3><ul><li><strong>Tên khoa học:</strong> Alternaria solani</li><li><strong>Lưu ý quan trọng:</strong> Tỉa bớt lá và phun thuốc phòng ngừa.</li></ul></div>","Cách phòng trừ: Phun các loại thuốc trừ nấm như Mancozeb, Chlorothalonil.",https://example.com/tomato_early_blight.jpg,Cà chua
Bệnh đốm vi khuẩn cà chua,Tomato_Tomato_Bacterial_Spot(1702),Bệnh vi khuẩn,"<div><h2>Mô tả bệnh</h2><p>Bệnh đốm vi khuẩn cà chua do vi khuẩn <strong>Xanthomonas spp.</strong> gây ra. Bệnh này ảnh hưởng đến lá, thân và quả, làm giảm năng suất.</p><h3>Triệu chứng</h3><ul><li>Xuất hiện các đốm nhỏ, không đều, màu nâu sẫm trên lá.</li><li>Các đốm có thể có quầng màu vàng bao quanh.</li><li>Trên quả, các đốm có thể làm quả bị thối.</li></ul><h3>Nguyên nhân</h3><p>Bệnh phát triển mạnh trong điều kiện:</p><ul><li>Độ ẩm cao và mưa nhiều.</li><li>Thiếu thông gió.</li></ul><h3>Thông tin thêm</h3><ul><li><strong>Tên khoa học:</strong> Xanthomonas spp.</li><li><strong>Lưu ý quan trọng:</strong> Sử dụng giống sạch bệnh và vệ sinh đồng ruộng.</li></ul></div>","Cách phòng trừ: Sử dụng các loại thuốc kháng sinh nông nghiệp như Copper hydroxide.",https://example.com/tomato_bacterial_spot.jpg,Cà chua
Cây khoai tây khỏe mạnh,Potato_Potato___healthy_152,Không bệnh,"<div><h2>Mô tả trạng thái</h2><p>Cây khoai tây khỏe mạnh có lá xanh tươi, thân cây cứng cáp và phát triển bình thường. Củ khoai tây to, đều, không có dấu hiệu bệnh hay sâu hại.</p><h3>Đặc điểm</h3><ul><li>Lá có màu xanh đậm, không có đốm hoặc vết bệnh.</li><li>Thân cây thẳng và khỏe.</li><li>Củ khoai tây to, đều.</li></ul><h3>Thông tin thêm</h3><ul><li><strong>Lưu ý quan trọng:</strong> Duy trì chế độ chăm sóc, bón phân và tưới nước hợp lý để cây phát triển tốt nhất.</li></ul></div>","Cách phòng trừ: Chăm sóc tốt, bón phân cân đối và tưới nước hợp lý.",https://example.com/potato_healthy.jpg,Khoai tây
Bệnh mốc sương khoai tây,Potato_Potato___Late_blight (1000),Bệnh nấm,"<div><h2>Mô tả bệnh</h2><p>Bệnh mốc sương khoai tây do nấm <strong>Phytophthora infestans</strong> gây ra. Đây là một bệnh rất nguy hiểm, có thể lây lan nhanh chóng và gây thiệt hại nặng nề cho toàn bộ vụ mùa.</p><h3>Triệu chứng</h3><ul><li>Xuất hiện các đốm màu xanh xám, sau đó chuyển sang màu nâu sẫm trên lá.</li><li>Đốm bệnh có thể lan rộng và hợp nhất, làm lá bị khô và chết.</li><li>Củ khoai tây bị thối, có vết lõm màu nâu tím.</li></ul><h3>Nguyên nhân</h3><p>Bệnh phát triển mạnh trong điều kiện:</p><ul><li>Độ ẩm cao và sương mù dày đặc.</li><li>Nhiệt độ thấp (15-20°C).</li></ul><h3>Thông tin thêm</h3><ul><li><strong>Tên khoa học:</strong> Phytophthora infestans</li><li><strong>Lưu ý quan trọng:</strong> Phun thuốc phòng ngừa đúng lúc và vệ sinh đồng ruộng.</li></ul></div>","Cách phòng trừ: Phun các loại thuốc trừ nấm như Mancozeb, Metalaxyl.",https://example.com/potato_late_blight.jpg,Khoai tây
Bệnh đốm sớm khoai tây,Potato_Potato___Early_blight (1000),Bệnh nấm,"<div><h2>Mô tả bệnh</h2><p>Bệnh đốm sớm khoai tây do nấm <strong>Alternaria solani</strong> gây ra. Bệnh này làm giảm năng suất và chất lượng củ, thường xuất hiện ở giai đoạn đầu của cây.</p><h3>Triệu chứng</h3><ul><li>Xuất hiện các đốm tròn, màu nâu sẫm trên lá.</li><li>Các đốm có thể có các vòng đồng tâm.</li><li>Lá bị vàng và rụng sớm, bắt đầu từ lá dưới.</li></ul><h3>Nguyên nhân</h3><p>Bệnh phát triển mạnh trong điều kiện:</p><ul><li>Độ ẩm cao, nhiệt độ ấm.</li><li>Thiếu thông gió.</li></ul><h3>Thông tin thêm</h3><ul><li><strong>Tên khoa học:</strong> Alternaria solani</li><li><strong>Lưu ý quan trọng:</strong> Tỉa bớt lá và phun thuốc phòng ngừa.</li></ul></div>","Cách phòng trừ: Phun các loại thuốc trừ nấm như Mancozeb, Chlorothalonil.",https://example.com/potato_early_blight.jpg,Khoai tây
Bệnh đốm lá chuối Cordana,Banana_cordana_400,Bệnh nấm,"<div><h2>Mô tả bệnh</h2><p>Bệnh đốm lá Cordana chuối do nấm <strong>Cordana musae</strong> gây ra. Bệnh này làm giảm diện tích lá quang hợp, ảnh hưởng đến sự phát triển của cây và năng suất.</p><h3>Triệu chứng</h3><ul><li>Xuất hiện các đốm nhỏ, hình tròn, màu nâu nhạt, có quầng sáng bao quanh trên lá.</li><li>Các đốm có thể lan rộng và hợp nhất.</li><li>Lá bị khô và rụng sớm.</li></ul><h3>Nguyên nhân</h3><p>Bệnh phát triển mạnh trong điều kiện:</p><ul><li>Độ ẩm cao, mưa nhiều.</li><li>Thiếu thông gió.</li></ul><h3>Thông tin thêm</h3><ul><li><strong>Tên khoa học:</strong> Cordana musae</li><li><strong>Lưu ý quan trọng:</strong> Vệ sinh vườn, tỉa bớt lá bệnh và phun thuốc phòng ngừa.</li></ul></div>","Cách phòng trừ: Phun các loại thuốc trừ nấm như Mancozeb, Chlorothalonil.",https://example.com/banana_cordana.jpg,Chuối
Bệnh đốm lá chuối Pestalotiopsis,Banana_pestalotiopsis_400,Bệnh nấm,"<div><h2>Mô tả bệnh</h2><p>Bệnh đốm lá Pestalotiopsis chuối do nấm <strong>Pestalotiopsis spp.</strong> gây ra. Bệnh này làm giảm diện tích lá quang hợp, ảnh hưởng đến sự phát triển của cây.</p><h3>Triệu chứng</h3><ul><li>Xuất hiện các đốm nhỏ, hình bầu dục, màu nâu sẫm trên lá.</li><li>Các đốm có thể lan rộng và hợp nhất.</li><li>Lá bị khô và rụng sớm.</li></ul><h3>Nguyên nhân</h3><p>Bệnh phát triển mạnh trong điều kiện:</p><ul><li>Độ ẩm cao, mưa nhiều.</li><li>Thiếu thông gió.</li></ul><h3>Thông tin thêm</h3><ul><li><strong>Tên khoa học:</strong> Pestalotiopsis spp.</li><li><strong>Lưu ý quan trọng:</strong> Vệ sinh vườn, tỉa bớt lá bệnh và phun thuốc phòng ngừa.</li></ul></div>","Cách phòng trừ: Phun các loại thuốc trừ nấm như Mancozeb, Chlorothalonil.",https://example.com/banana_pestalotiopsis.jpg,Chuối
Bệnh đốm lá Sigatoka chuối,Banana_sigatoka_561,Bệnh nấm,"<div><h2>Mô tả bệnh</h2><p>Bệnh đốm lá Sigatoka, còn gọi là bệnh đốm lá đen, do nấm <strong>Pseudocercospora fijiensis</strong> gây ra. Đây là một trong những bệnh nguy hiểm nhất đối với cây chuối, gây thiệt hại nghiêm trọng cho năng suất.</p><h3>Triệu chứng</h3><ul><li>Xuất hiện các đốm nhỏ, màu đỏ hoặc nâu sẫm trên lá.</li><li>Các đốm lớn dần, có quầng màu vàng bao quanh.</li><li>Lá bị khô và chết sớm.</li></ul><h3>Nguyên nhân</h3><p>Bệnh phát triển mạnh trong điều kiện:</p><ul><li>Độ ẩm cao, mưa nhiều.</li><li>Nhiệt độ ấm.</li></ul><h3>Thông tin thêm</h3><ul><li><strong>Tên khoa học:</strong> Pseudocercospora fijiensis</li><li><strong>Lưu ý quan trọng:</strong> Phun thuốc phòng ngừa định kỳ, tỉa bớt lá bệnh và vệ sinh vườn.</li></ul></div>","Cách phòng trừ: Phun các loại thuốc trừ nấm như Mancozeb, Azoxystrobin.",https://example.com/banana_sigatoka.jpg,Chuối
Cây chuối khỏe mạnh,Banana_healthy_1000,Không bệnh,"<div><h2>Mô tả trạng thái</h2><p>Cây chuối khỏe mạnh có thân cây to, cứng cáp, lá xanh tươi, không có dấu hiệu của sâu bệnh. Buồng chuối to, quả đều, đảm bảo năng suất cao.</p><h3>Đặc điểm</h3><ul><li>Lá có màu xanh đậm, không có đốm hoặc vết bệnh.</li><li>Thân cây thẳng và khỏe.</li><li>Buồng chuối to, quả đều.</li></ul><h3>Thông tin thêm</h3><ul><li><strong>Lưu ý quan trọng:</strong> Duy trì chế độ chăm sóc, bón phân và tưới nước hợp lý để cây phát triển tốt nhất.</li></ul></div>","Cách phòng trừ: Chăm sóc tốt, bón phân cân đối và tưới nước hợp lý.",https://example.com/banana_healthy.jpg,Chuối
Sâu hại chuối,Banana_insect_pest_601,Sâu hại,"<div><h2>Mô tả sâu hại</h2><p>Sâu hại chuối là một thuật ngữ chung cho nhiều loại côn trùng như rệp sáp, bọ trĩ, v.v., gây hại cho lá, thân và quả chuối.</p><h3>Triệu chứng</h3><ul><li>Lá bị xoăn, biến dạng, có các đốm nhỏ hoặc vết cắn.</li><li>Xuất hiện côn trùng trên cây.</li><li>Quả bị biến dạng, năng suất giảm.</li></ul><h3>Nguyên nhân</h3><p>Sâu hại phát triển mạnh trong điều kiện:</p><ul><li>Thiếu vệ sinh vườn.</li><li>Thời tiết khô nóng.</li></ul><h3>Thông tin thêm</h3><ul><li><strong>Lưu ý quan trọng:</strong> Thường xuyên kiểm tra vườn để phát hiện và xử lý sớm.</li></ul></div>","Cách phòng trừ: Phun thuốc trừ sâu hóa học hoặc sử dụng các biện pháp sinh học.",https://example.com/banana_insect_pest.jpg,Chuối
Bệnh loét cam quýt,Citrus_citrus-canker_1002,Bệnh vi khuẩn,"<div><h2>Mô tả bệnh</h2><p>Bệnh loét cam quýt do vi khuẩn <strong>Xanthomonas axonopodis pv. citri</strong> gây ra. Bệnh này ảnh hưởng đến lá, thân và quả, làm giảm giá trị thương mại của sản phẩm.</p><h3>Triệu chứng</h3><ul><li>Xuất hiện các đốm tròn, màu nâu nhạt hoặc xám, có quầng sáng bao quanh trên lá.</li><li>Các đốm có thể có vết loét, làm lá bị xoăn và rụng.</li><li>Trên quả, các đốm bệnh làm quả bị sần sùi, mất thẩm mỹ.</li></ul><h3>Nguyên nhân</h3><p>Bệnh phát triển mạnh trong điều kiện:</p><ul><li>Độ ẩm cao, mưa nhiều.</li><li>Gió mạnh, gây tổn thương cho cây.</li></ul><h3>Thông tin thêm</h3><ul><li><strong>Tên khoa học:</strong> Xanthomonas axonopodis pv. citri</li><li><strong>Lưu ý quan trọng:</strong> Cắt bỏ và tiêu hủy các cành, lá bị bệnh. Phun thuốc phòng ngừa đúng lúc.</li></ul></div>","Cách phòng trừ: Phun các loại thuốc kháng sinh nông nghiệp như Copper hydroxide.",https://example.com/citrus_canker.jpg,Cam quýt
Bệnh đốm đen cam quýt,Citrus_black-spot_1030,Bệnh nấm,"<div><h2>Mô tả bệnh</h2><p>Bệnh đốm đen cam quýt do nấm <strong>Phyllosticta citricarpa</strong> gây ra. Bệnh này làm giảm giá trị thương mại của quả, mặc dù không ảnh hưởng nhiều đến chất lượng bên trong.</p><h3>Triệu chứng</h3><ul><li>Xuất hiện các đốm nhỏ, màu đen trên quả.</li><li>Các đốm có thể có quầng màu đỏ hoặc nâu bao quanh.</li><li>Trên lá, các đốm nhỏ, màu nâu sẫm.</li></ul><h3>Nguyên nhân</h3><p>Bệnh phát triển mạnh trong điều kiện:</p><ul><li>Thời tiết ẩm ướt, nhiệt độ ấm.</li><li>Thiếu vệ sinh vườn.</li></ul><h3>Thông tin thêm</h3><ul><li><strong>Tên khoa học:</strong> Phyllosticta citricarpa</li><li><strong>Lưu ý quan trọng:</strong> Vệ sinh vườn và phun thuốc phòng ngừa đúng lúc.</li></ul></div>","Cách phòng trừ: Phun các loại thuốc trừ nấm như Mancozeb, Azoxystrobin.",https://example.com/citrus_black_spot.jpg,Cam quýt
Cây cam quýt khỏe mạnh,Citrus_Healthy_leaf_1000,Không bệnh,"<div><h2>Mô tả trạng thái</h2><p>Cây cam quýt khỏe mạnh có lá xanh tươi, không có dấu hiệu của sâu bệnh. Cây phát triển mạnh mẽ, quả đều, đẹp, đảm bảo năng suất cao.</p><h3>Đặc điểm</h3><ul><li>Lá có màu xanh đậm, không có đốm hoặc vết bệnh.</li><li>Thân cây thẳng và khỏe.</li><li>Quả đều, đẹp, không có vết thối.</li></ul><h3>Thông tin thêm</h3><ul><li><strong>Lưu ý quan trọng:</strong> Duy trì chế độ chăm sóc, bón phân và tưới nước hợp lý để cây phát triển tốt nhất.</li></ul></div>","Cách phòng trừ: Chăm sóc tốt, bón phân cân đối và tưới nước hợp lý.",https://example.com/citrus_healthy.jpg,Cam quýt
Cây cam quýt lá vàng,Citrus_Yellow_leaf_1000,Thiếu dinh dưỡng,"<div><h2>Mô tả trạng thái</h2><p>Lá vàng ở cây cam quýt có thể là dấu hiệu của nhiều vấn đề, phổ biến nhất là thiếu dinh dưỡng hoặc nhiễm sâu bệnh.</p><h3>Triệu chứng</h3><ul><li>Toàn bộ lá chuyển sang màu vàng, đôi khi chỉ có gân lá vẫn xanh.</li><li>Cây chậm phát triển, còi cọc.</li><li>Quả nhỏ, năng suất giảm.</li></ul><h3>Nguyên nhân</h3><p>Lá vàng có thể do:</p><ul><li>Thiếu sắt, kẽm hoặc mangan.</li><li>Thiếu nitơ, kali.</li><li>Rễ cây bị tổn thương hoặc ngập úng.</li></ul><h3>Thông tin thêm</h3><ul><li><strong>Lưu ý quan trọng:</strong> Cần xác định nguyên nhân chính xác để có biện pháp xử lý phù hợp.</li></ul></div>","Cách phòng trừ: Bổ sung các loại phân bón vi lượng, phân bón lá phù hợp.",https://example.com/citrus_yellow_leaf.jpg,Cam quýt
Cây đậu tương khỏe mạnh,Soybean_Healthy_896,Không bệnh,"<div><h2>Mô tả trạng thái</h2><p>Cây đậu tương khỏe mạnh có lá xanh tươi, thân cây cứng cáp và phát triển bình thường. Cây ra hoa, kết quả đều, đảm bảo năng suất cao.</p><h3>Đặc điểm</h3><ul><li>Lá có màu xanh đậm, không có đốm hoặc vết bệnh.</li><li>Thân cây thẳng và khỏe.</li><li>Quả đậu chắc, hạt đều.</li></ul><h3>Thông tin thêm</h3><ul><li><strong>Lưu ý quan trọng:</strong> Duy trì chế độ chăm sóc, bón phân và tưới nước hợp lý để cây phát triển tốt nhất.</li></ul></div>","Cách phòng trừ: Chăm sóc tốt, bón phân cân đối và tưới nước hợp lý.",https://example.com/soybean_healthy.jpg,Đậu tương
Bọ rùa hại đậu tương,Soybean_Diabrotica speciosa_2205,Sâu hại,"<div><h2>Mô tả sâu hại</h2><p>Bọ rùa (Diabrotica speciosa) là loài côn trùng gây hại phổ biến trên cây đậu tương, ăn lá và các bộ phận non của cây, làm giảm diện tích lá quang hợp và ảnh hưởng đến năng suất.</p><h3>Triệu chứng</h3><ul><li>Lá cây bị cắn nham nhở, có nhiều lỗ thủng.</li><li>Xuất hiện bọ rùa trên lá và thân cây.</li><li>Cây chậm phát triển, năng suất giảm.</li></ul><h3>Nguyên nhân</h3><p>Sâu hại phát triển mạnh trong điều kiện:</p><ul><li>Thời tiết khô ráo, nhiệt độ ấm.</li><li>Thiếu vệ sinh đồng ruộng.</li></ul><h3>Thông tin thêm</h3><ul><li><strong>Tên khoa học:</strong> Diabrotica speciosa</li><li><strong>Lưu ý quan trọng:</strong> Thường xuyên kiểm tra đồng ruộng để phát hiện và xử lý sớm.</li></ul></div>","Cách phòng trừ: Phun thuốc trừ sâu hóa học hoặc sử dụng các biện pháp sinh học.",https://example.com/soybean_diabrotica_speciosa.jpg,Đậu tương
Sâu bướm hại đậu tương,Soybean_Caterpillar_3309,Sâu hại,"<div><h2>Mô tả sâu hại</h2><p>Sâu bướm là loài sâu hại phổ biến trên cây đậu tương, ăn lá và các bộ phận non của cây, gây thiệt hại nghiêm trọng cho năng suất.</p><h3>Triệu chứng</h3><ul><li>Lá cây bị cắn nham nhở, có nhiều lỗ thủng.</li><li>Xuất hiện sâu bướm trên lá và thân cây.</li><li>Cây chậm phát triển, năng suất giảm.</li></ul><h3>Nguyên nhân</h3><p>Sâu hại phát triển mạnh trong điều kiện:</p><ul><li>Thời tiết ấm áp và ẩm ướt.</li><li>Thiếu vệ sinh đồng ruộng.</li></ul><h3>Thông tin thêm</h3><ul><li><strong>Lưu ý quan trọng:</strong> Thường xuyên kiểm tra đồng ruộng để phát hiện và xử lý sớm.</li></ul></div>","Cách phòng trừ: Phun thuốc trừ sâu hóa học hoặc sử dụng các biện pháp sinh học.",https://example.com/soybean_caterpillar.jpg,Đậu tương
Bệnh khảm sắn,Cassava_mosaic_1000,Bệnh virus,"<div><h2>Mô tả bệnh</h2><p>Bệnh khảm sắn (CMD) do virus gây ra, truyền bệnh chủ yếu qua bọ phấn trắng. Bệnh làm giảm đáng kể năng suất và chất lượng củ.</p><h3>Triệu chứng</h3><ul><li>Lá có các đốm màu xanh đậm và xanh nhạt xen kẽ, tạo thành hình khảm.</li><li>Lá bị biến dạng, xoăn, nhỏ.</li><li>Cây còi cọc, chậm phát triển, củ nhỏ.</li></ul><h3>Nguyên nhân</h3><p>Bệnh phát triển mạnh trong điều kiện:</p><ul><li>Sử dụng giống không sạch bệnh.</li><li>Bọ phấn trắng phát triển mạnh.</li></ul><h3>Thông tin thêm</h3><ul><li><strong>Tên khoa học:</strong> Cassava mosaic virus</li><li><strong>Lưu ý quan trọng:</strong> Sử dụng giống sạch bệnh và kiểm soát bọ phấn trắng là biện pháp hiệu quả nhất.</li></ul></div>","Cách phòng trừ: Không có thuốc đặc trị, chỉ có thể phòng ngừa bằng cách sử dụng giống sạch bệnh và kiểm soát bọ phấn trắng.",https://example.com/cassava_mosaic.jpg,Sắn
Bệnh đốm nâu sắn,Cassava_brown spot_1000,Bệnh nấm,"<div><h2>Mô tả bệnh</h2><p>Bệnh đốm nâu sắn do nấm <strong>Cercospora henningsii</strong> gây ra. Bệnh này làm giảm diện tích lá quang hợp, ảnh hưởng đến năng suất củ.</p><h3>Triệu chứng</h3><ul><li>Xuất hiện các đốm nhỏ, hình tròn, màu nâu sẫm trên lá.</li><li>Các đốm có thể có quầng sáng bao quanh.</li><li>Lá bị vàng và rụng sớm.</li></ul><h3>Nguyên nhân</h3><p>Bệnh phát triển mạnh trong điều kiện:</p><ul><li>Độ ẩm cao và mưa nhiều.</li><li>Thiếu thông gió.</li></ul><h3>Thông tin thêm</h3><ul><li><strong>Tên khoa học:</strong> Cercospora henningsii</li><li><strong>Lưu ý quan trọng:</strong> Vệ sinh đồng ruộng, tỉa bớt lá và phun thuốc phòng ngừa.</li></ul></div>","Cách phòng trừ: Phun các loại thuốc trừ nấm như Mancozeb, Carbendazim.",https://example.com/cassava_brown_spot.jpg,Sắn
Bệnh bạc lá vi khuẩn sắn,Cassava_bacterial blight_1000,Bệnh vi khuẩn,"<div><h2>Mô tả bệnh</h2><p>Bệnh bạc lá vi khuẩn sắn do vi khuẩn <strong>Xanthomonas axonopodis pv. manihotis</strong> gây ra. Bệnh này làm giảm năng suất đáng kể.</p><h3>Triệu chứng</h3><ul><li>Xuất hiện các đốm nhỏ, hình tròn, màu xanh xám, sau đó chuyển sang màu nâu trên lá.</li><li>Các đốm có thể lan rộng và hợp nhất, làm lá bị khô và bạc màu.</li><li>Trên thân, các vết loét màu nâu.</li></ul><h3>Nguyên nhân</h3><p>Bệnh phát triển mạnh trong điều kiện:</p><ul><li>Độ ẩm cao, mưa nhiều.</li><li>Gió mạnh, gây tổn thương cho cây.</li></ul><h3>Thông tin thêm</h3><ul><li><strong>Tên khoa học:</strong> Xanthomonas axonopodis pv. manihotis</li><li><strong>Lưu ý quan trọng:</strong> Cắt bỏ và tiêu hủy các cành, lá bị bệnh. Phun thuốc phòng ngừa đúng lúc.</li></ul></div>","Cách phòng trừ: Sử dụng các loại thuốc kháng sinh nông nghiệp như Copper hydroxide.",https://example.com/cassava_bacterial_blight.jpg,Sắn
Cây sắn khỏe mạnh,Cassava_healthy_1000,Không bệnh,"<div><h2>Mô tả trạng thái</h2><p>Cây sắn khỏe mạnh có thân cây to, cứng cáp, lá xanh tươi, không có dấu hiệu của sâu bệnh. Củ sắn to, đều, đảm bảo năng suất cao.</p><h3>Đặc điểm</h3><ul><li>Lá có màu xanh đậm, không có đốm hoặc vết bệnh.</li><li>Thân cây thẳng và khỏe.</li><li>Củ sắn to, đều.</li></ul><h3>Thông tin thêm</h3><ul><li><strong>Lưu ý quan trọng:</strong> Duy trì chế độ chăm sóc, bón phân và tưới nước hợp lý để cây phát triển tốt nhất.</li></ul></div>","Cách phòng trừ: Chăm sóc tốt, bón phân cân đối và tưới nước hợp lý.",https://example.com/cassava_healthy.jpg,Sắn
Nhện xanh hại sắn,Cassava_green mite_1000,Sâu hại,"<div><h2>Mô tả sâu hại</h2><p>Nhện xanh (Mononychellus tanajoa) là loài sâu hại phổ biến trên cây sắn, hút nhựa cây và gây tổn thương cho lá, làm giảm năng suất.</p><h3>Triệu chứng</h3><ul><li>Xuất hiện các đốm nhỏ, màu vàng hoặc trắng trên lá.</li><li>Lá bị xoăn, khô và rụng sớm.</li><li>Cây còi cọc, chậm phát triển.</li></ul><h3>Nguyên nhân</h3><p>Sâu hại phát triển mạnh trong điều kiện:</p><ul><li>Thời tiết khô nóng.</li><li>Thiếu vệ sinh đồng ruộng.</li></ul><h3>Thông tin thêm</h3><ul><li><strong>Tên khoa học:</strong> Mononychellus tanajoa</li><li><strong>Lưu ý quan trọng:</strong> Kiểm soát cỏ dại và phun thuốc diệt nhện đúng cách.</li></ul></div>","Cách phòng trừ: Sử dụng thuốc trừ nhện đặc trị như Abamectin, Propargite.",https://example.com/cassava_green_mite.jpg,Sắn
Bệnh thán thư điều,Cashew_anthracnose_1000,Bệnh nấm,"<div><h2>Mô tả bệnh</h2><p>Bệnh thán thư điều do nấm <strong>Colletotrichum gloeosporioides</strong> gây ra. Bệnh này gây hại cho lá, hoa và quả, làm giảm năng suất nghiêm trọng.</p><h3>Triệu chứng</h3><ul><li>Xuất hiện các đốm nhỏ, màu nâu hoặc đen trên lá, hoa và quả.</li><li>Hoa và quả non bị khô và rụng.</li><li>Trên quả, các đốm bệnh làm quả bị thối.</li></ul><h3>Nguyên nhân</h3><p>Bệnh phát triển mạnh trong điều kiện:</p><ul><li>Thời tiết ẩm ướt, mưa nhiều.</li><li>Thiếu thông gió.</li></ul><h3>Thông tin thêm</h3><ul><li><strong>Tên khoa học:</strong> Colletotrichum gloeosporioides</li><li><strong>Lưu ý quan trọng:</strong> Cắt tỉa cành, vệ sinh vườn và phun thuốc phòng ngừa đúng lúc.</li></ul></div>","Cách phòng trừ: Phun các loại thuốc trừ nấm như Mancozeb, Carbendazim.",https://example.com/cashew_anthracnose.jpg,Điều
Bệnh chảy nhựa điều,Cashew_gumosis_1000,Bệnh nấm,"<div><h2>Mô tả bệnh</h2><p>Bệnh chảy nhựa điều do nấm <strong>Phytophthora spp.</strong> gây ra. Bệnh này gây hại cho thân và rễ cây, làm cây suy yếu và chết dần.</p><h3>Triệu chứng</h3><ul><li>Thân cây xuất hiện các vết nứt, có nhựa màu vàng chảy ra.</li><li>Lá bị vàng, rụng sớm.</li><li>Cây chậm phát triển, còi cọc.</li></ul><h3>Nguyên nhân</h3><p>Bệnh phát triển mạnh trong điều kiện:</p><ul><li>Đất ẩm ướt, thoát nước kém.</li><li>Tổn thương trên thân và rễ cây.</li></ul><h3>Thông tin thêm</h3><ul><li><strong>Tên khoa học:</strong> Phytophthora spp.</li><li><strong>Lưu ý quan trọng:</strong> Cải tạo đất, thoát nước tốt và xử lý vết thương trên cây.</li></ul></div>","Cách phòng trừ: Phun các loại thuốc trừ nấm như Metalaxyl, Fosetyl-Al.",https://example.com/cashew_gumosis.jpg,Điều
Sâu đục lá điều,Cashew_leaf miner_1000,Sâu hại,"<div><h2>Mô tả sâu hại</h2><p>Sâu đục lá điều là ấu trùng của một loài bướm, chúng đục vào bên trong lá và ăn phần thịt lá, gây tổn thương nghiêm trọng cho cây.</p><h3>Triệu chứng</h3><ul><li>Trên lá xuất hiện các đường ngoằn ngoèo màu trắng hoặc vàng.</li><li>Lá bị xoăn, biến dạng.</li><li>Cây chậm phát triển, năng suất giảm.</li></ul><h3>Nguyên nhân</h3><p>Sâu hại phát triển mạnh trong điều kiện:</p><ul><li>Thời tiết khô nóng, thiếu mưa.</li><li>Thiếu vệ sinh vườn.</li></ul><h3>Thông tin thêm</h3><ul><li><strong>Lưu ý quan trọng:</strong> Thường xuyên kiểm tra vườn để phát hiện và xử lý sớm.</li></ul></div>","Cách phòng trừ: Phun thuốc trừ sâu hóa học hoặc sử dụng các biện pháp sinh học.",https://example.com/cashew_leaf_miner.jpg,Điều
Bệnh gỉ đỏ điều,Cashew_red rust_1000,Bệnh nấm,"<div><h2>Mô tả bệnh</h2><p>Bệnh gỉ đỏ điều do tảo <strong>Cephaleuros virescens</strong> gây ra. Bệnh này làm giảm diện tích lá quang hợp, ảnh hưởng đến năng suất.</p><h3>Triệu chứng</h3><ul><li>Xuất hiện các đốm nhỏ, hình tròn, màu đỏ hoặc nâu đỏ trên lá.</li><li>Các đốm có thể có các vòng đồng tâm.</li><li>Lá bị vàng và rụng sớm.</li></ul><h3>Nguyên nhân</h3><p>Bệnh phát triển mạnh trong điều kiện:</p><ul><li>Độ ẩm cao, mưa nhiều.</li><li>Thiếu thông gió.</li></ul><h3>Thông tin thêm</h3><ul><li><strong>Tên khoa học:</strong> Cephaleuros virescens</li><li><strong>Lưu ý quan trọng:</strong> Vệ sinh vườn, tỉa bớt cành và phun thuốc phòng ngừa.</li></ul></div>","Cách phòng trừ: Phun các loại thuốc trừ nấm như Mancozeb, Chlorothalonil.",https://example.com/cashew_red_rust.jpg,Điều
Cây điều khỏe mạnh,Cashew_healthy_1000,Không bệnh,"<div><h2>Mô tả trạng thái</h2><p>Cây điều khỏe mạnh có lá xanh tươi, thân cây cứng cáp và phát triển bình thường. Cây ra hoa, kết quả đều, đảm bảo năng suất cao.</p><h3>Đặc điểm</h3><ul><li>Lá có màu xanh đậm, không có đốm hoặc vết bệnh.</li><li>Thân cây thẳng và khỏe.</li><li>Quả đều, đẹp.</li></ul><h3>Thông tin thêm</h3><ul><li><strong>Lưu ý quan trọng:</strong> Duy trì chế độ chăm sóc, bón phân và tưới nước hợp lý để cây phát triển tốt nhất.</li></ul></div>","Cách phòng trừ: Chăm sóc tốt, bón phân cân đối và tưới nước hợp lý.",https://example.com/cashew_healthy.jpg,Điều
Rệp sáp hại mía,Sugarcane_Mawa_433,Sâu hại,"<div><h2>Mô tả sâu hại</h2><p>Rệp sáp (Aphis maidis) là loài côn trùng gây hại phổ biến trên cây mía, hút nhựa cây làm cây suy yếu và truyền virus gây bệnh.</p><h3>Triệu chứng</h3><ul><li>Xuất hiện rệp sáp màu trắng, bám trên lá và thân cây.</li><li>Lá bị xoăn, biến dạng.</li><li>Cây còi cọc, chậm phát triển, năng suất giảm.</li></ul><h3>Nguyên nhân</h3><p>Sâu hại phát triển mạnh trong điều kiện:</p><ul><li>Thời tiết khô nóng.</li><li>Thiếu vệ sinh đồng ruộng.</li></ul><h3>Thông tin thêm</h3><ul><li><strong>Tên khoa học:</strong> Aphis maidis</li><li><strong>Lưu ý quan trọng:</strong> Thường xuyên kiểm tra vườn để phát hiện và xử lý sớm.</li></ul></div>","Cách phòng trừ: Phun thuốc trừ sâu hóa học hoặc sử dụng các biện pháp sinh học.",https://example.com/sugarcane_mawa.jpg,Mía
Lá mía khô,Sugarcane_Dried Leaves_474,Khô hạn,"<div><h2>Mô tả trạng thái</h2><p>Lá mía khô thường là dấu hiệu của việc thiếu nước hoặc một số bệnh, nhưng phổ biến nhất là do cây bị thiếu nước nghiêm trọng.</p><h3>Triệu chứng</h3><ul><li>Lá cây chuyển sang màu nâu hoặc vàng, khô và rụng sớm.</li><li>Thân cây co lại, không phát triển.</li><li>Cây chậm phát triển, năng suất giảm.</li></ul><h3>Nguyên nhân</h3><p>Lá khô có thể do:</p><ul><li>Thiếu nước nghiêm trọng.</li><li>Nhiệt độ quá cao.</li><li>Nhiễm sâu bệnh nặng.</li></ul><h3>Thông tin thêm</h3><ul><li><strong>Lưu ý quan trọng:</strong> Cần tưới nước đầy đủ và thường xuyên, đặc biệt trong mùa khô.</li></ul></div>","Cách phòng trừ: Tưới nước đầy đủ, bón phân cân đối và giữ ẩm cho đất.",https://example.com/sugarcane_dried_leaves.jpg,Mía
Bệnh gỉ sắt mía,Sugarcane_BrownRust_509,Bệnh nấm,"<div><h2>Mô tả bệnh</h2><p>Bệnh gỉ sắt mía do nấm <strong>Puccinia melanocephala</strong> gây ra. Bệnh này làm giảm diện tích lá quang hợp, ảnh hưởng đến năng suất mía.</p><h3>Triệu chứng</h3><ul><li>Xuất hiện các nốt sần nhỏ, màu cam hoặc nâu trên lá.</li><li>Các nốt sần thường phân bố dày đặc ở mặt dưới lá.</li><li>Lá bị vàng và khô sớm.</li></ul><h3>Nguyên nhân</h3><p>Bệnh phát triển mạnh trong điều kiện:</p><ul><li>Thời tiết mát mẻ, ẩm ướt.</li><li>Độ ẩm cao.</li></ul><h3>Thông tin thêm</h3><ul><li><strong>Tên khoa học:</strong> Puccinia melanocephala</li><li><strong>Lưu ý quan trọng:</strong> Sử dụng giống kháng bệnh và phun thuốc phòng ngừa.</li></ul></div>","Cách phòng trừ: Phun các loại thuốc trừ nấm như Mancozeb, Propiconazole.",https://example.com/sugarcane_brown_rust.jpg,Mía
Bệnh đốm đỏ mía,Sugarcane_RedSpot_1106,Bệnh nấm,"<div><h2>Mô tả bệnh</h2><p>Bệnh đốm đỏ mía do nấm <strong>Glomerella tucumanensis</strong> gây ra. Bệnh này gây hại cho lá và thân cây, làm giảm năng suất và chất lượng mía.</p><h3>Triệu chứng</h3><ul><li>Xuất hiện các đốm nhỏ, hình bầu dục, màu đỏ hoặc nâu đỏ trên lá.</li><li>Các đốm có thể có quầng sáng bao quanh.</li><li>Trên thân cây có các vết loét màu đỏ.</li></ul><h3>Nguyên nhân</h3><p>Bệnh phát triển mạnh trong điều kiện:</p><ul><li>Độ ẩm cao và mưa nhiều.</li><li>Thiếu thông gió.</li></ul><h3>Thông tin thêm</h3><ul><li><strong>Tên khoa học:</strong> Glomerella tucumanensis</li><li><strong>Lưu ý quan trọng:</strong> Vệ sinh đồng ruộng, tỉa bớt lá và phun thuốc phòng ngừa.</li></ul></div>","Cách phòng trừ: Phun các loại thuốc trừ nấm như Carbendazim, Azoxystrobin.",https://example.com/sugarcane_red_spot.jpg,Mía
Bệnh vàng lá mía,Sugarcane_YellowLeaf_1000,Bệnh virus,"<div><h2>Mô tả bệnh</h2><p>Bệnh vàng lá mía do virus vàng lá mía (SCYLV) gây ra. Bệnh này làm giảm đáng kể năng suất mía.</p><h3>Triệu chứng</h3><ul><li>Lá mía chuyển sang màu vàng hoặc đỏ, đặc biệt là phần gân lá.</li><li>Lá có thể bị xoăn, biến dạng.</li><li>Cây còi cọc, thân cây nhỏ.</li></ul><h3>Nguyên nhân</h3><p>Bệnh phát triển mạnh trong điều kiện:</p><ul><li>Sử dụng giống không sạch bệnh.</li><li>Rệp sáp phát triển mạnh.</li></ul><h3>Thông tin thêm</h3><ul><li><strong>Tên khoa học:</strong> Sugarcane yellow leaf virus</li><li><strong>Lưu ý quan trọng:</strong> Sử dụng giống sạch bệnh và kiểm soát rệp sáp là biện pháp hiệu quả nhất.</li></ul></div>","Cách phòng trừ: Không có thuốc đặc trị, chỉ có thể phòng ngừa bằng cách sử dụng giống sạch bệnh và kiểm soát rệp sáp.",https://example.com/sugarcane_yellow_leaf.jpg,Mía
Lá mía khỏe mạnh,Sugarcane_Healthy Leaves_1000,Không bệnh,"<div><h2>Mô tả trạng thái</h2><p>Lá mía khỏe mạnh có màu xanh tươi, không có dấu hiệu của sâu bệnh. Lá phát triển đều, đảm bảo khả năng quang hợp tốt nhất cho cây.</p><h3>Đặc điểm</h3><ul><li>Lá có màu xanh đậm, không có đốm hoặc vết bệnh.</li><li>Lá thẳng, không bị xoăn.</li><li>Cây mía phát triển đồng đều, thân to.</li></ul><h3>Thông tin thêm</h3><ul><li><strong>Lưu ý quan trọng:</strong> Duy trì chế độ chăm sóc, bón phân và tưới nước hợp lý để cây phát triển tốt nhất.</li></ul></div>","Cách phòng trừ: Chăm sóc tốt, bón phân cân đối và tưới nước hợp lý.",https://example.com/sugarcane_healthy_leaves.jpg,Mía
Lá vải khô,Lychee_Dry_Leaves_1000,Khô hạn,"<div><h2>Mô tả trạng thái</h2><p>Lá vải khô thường là dấu hiệu của việc thiếu nước hoặc một số bệnh, nhưng phổ biến nhất là do cây bị thiếu nước nghiêm trọng.</p><h3>Triệu chứng</h3><ul><li>Lá cây chuyển sang màu nâu hoặc vàng, khô và rụng sớm.</li><li>Cây chậm phát triển, cành khô.</li><li>Năng suất giảm.</li></ul><h3>Nguyên nhân</h3><p>Lá khô có thể do:</p><ul><li>Thiếu nước nghiêm trọng.</li><li>Nhiệt độ quá cao.</li><li>Nhiễm sâu bệnh nặng.</li></ul><h3>Thông tin thêm</h3><ul><li><strong>Lưu ý quan trọng:</strong> Cần tưới nước đầy đủ và thường xuyên, đặc biệt trong mùa khô.</li></ul></div>","Cách phòng trừ: Tưới nước đầy đủ, bón phân cân đối và giữ ẩm cho đất.",https://example.com/lychee_dry_leaves.jpg,Vải
Bệnh đốm tảo vải,Lychee_Algal_Spot_Indirect_700,Bệnh tảo,"<div><h2>Mô tả bệnh</h2><p>Bệnh đốm tảo vải do tảo <strong>Cephaleuros virescens</strong> gây ra. Bệnh này làm giảm diện tích lá quang hợp, ảnh hưởng đến năng suất.</p><h3>Triệu chứng</h3><ul><li>Xuất hiện các đốm nhỏ, hình tròn, màu cam hoặc nâu đỏ trên lá.</li><li>Các đốm có thể có các vòng đồng tâm.</li><li>Lá bị vàng và rụng sớm.</li></ul><h3>Nguyên nhân</h3><p>Bệnh phát triển mạnh trong điều kiện:</p><ul><li>Độ ẩm cao, mưa nhiều.</li><li>Thiếu thông gió.</li></ul><h3>Thông tin thêm</h3><ul><li><strong>Tên khoa học:</strong> Cephaleuros virescens</li><li><strong>Lưu ý quan trọng:</strong> Vệ sinh vườn, tỉa bớt cành và phun thuốc phòng ngừa.</li></ul></div>","Cách phòng trừ: Phun các loại thuốc trừ nấm có gốc đồng như Copper oxychloride.",https://example.com/lychee_algal_spot.jpg,Vải
Nhện hại lá vải,Lychee_Leaf_Mites_Direct_500,Sâu hại,"<div><h2>Mô tả sâu hại</h2><p>Nhện hại lá vải là một loại sâu hại phổ biến trên cây vải, hút nhựa cây và gây tổn thương cho lá, làm giảm năng suất.</p><h3>Triệu chứng</h3><ul><li>Mặt trên lá có các vết phồng rộp, màu đỏ hoặc nâu.</li><li>Mặt dưới lá có các đám lông mịn.</li><li>Lá bị xoăn, biến dạng, rụng sớm.</li></ul><h3>Nguyên nhân</h3><p>Sâu hại phát triển mạnh trong điều kiện:</p><ul><li>Thời tiết khô nóng.</li><li>Thiếu vệ sinh đồng ruộng.</li></ul><h3>Thông tin thêm</h3><ul><li><strong>Lưu ý quan trọng:</strong> Thường xuyên kiểm tra vườn để phát hiện và xử lý sớm.</li></ul></div>","Cách phòng trừ: Phun thuốc trừ nhện đặc trị như Abamectin, Propargite.",https://example.com/lychee_leaf_mites.jpg,Vải
Bệnh đốm Entomosporium vải,Lychee_Entomosporium_Spot_400,Bệnh nấm,"<div><h2>Mô tả bệnh</h2><p>Bệnh đốm Entomosporium vải do nấm <strong>Entomosporium maculatum</strong> gây ra. Bệnh này làm giảm diện tích lá quang hợp, ảnh hưởng đến năng suất.</p><h3>Triệu chứng</h3><ul><li>Xuất hiện các đốm nhỏ, hình tròn, màu nâu hoặc tím trên lá.</li><li>Các đốm có thể lan rộng và hợp nhất.</li><li>Lá bị vàng và rụng sớm.</li></ul><h3>Nguyên nhân</h3><p>Bệnh phát triển mạnh trong điều kiện:</p><ul><li>Độ ẩm cao, mưa nhiều.</li><li>Thiếu thông gió.</li></ul><h3>Thông tin thêm</h3><ul><li><strong>Tên khoa học:</strong> Entomosporium maculatum</li><li><strong>Lưu ý quan trọng:</strong> Vệ sinh vườn, tỉa bớt cành và phun thuốc phòng ngừa.</li></ul></div>","Cách phòng trừ: Phun các loại thuốc trừ nấm như Mancozeb, Chlorothalonil.",https://example.com/lychee_entomosporium_spot.jpg,Vải
Bệnh thán thư vải,Lychee_Anthracnose_Cloudy_971,Bệnh nấm,"<div><h2>Mô tả bệnh</h2><p>Bệnh thán thư vải do nấm <strong>Colletotrichum gloeosporioides</strong> gây ra. Bệnh này gây hại cho lá, hoa và quả, làm giảm năng suất nghiêm trọng.</p><h3>Triệu chứng</h3><ul><li>Xuất hiện các đốm nhỏ, màu nâu hoặc đen trên lá, hoa và quả.</li><li>Hoa và quả non bị khô và rụng.</li><li>Trên quả, các đốm bệnh làm quả bị thối.</li></ul><h3>Nguyên nhân</h3><p>Bệnh phát triển mạnh trong điều kiện:</p><ul><li>Thời tiết ẩm ướt, mưa nhiều.</li><li>Thiếu thông gió.</li></ul><h3>Thông tin thêm</h3><ul><li><strong>Tên khoa học:</strong> Colletotrichum gloeosporioides</li><li><strong>Lưu ý quan trọng:</strong> Cắt tỉa cành, vệ sinh vườn và phun thuốc phòng ngừa đúng lúc.</li></ul></div>","Cách phòng trừ: Phun các loại thuốc trừ nấm như Mancozeb, Carbendazim.",https://example.com/lychee_anthracnose.jpg,Vải
Sâu đục cành vải,Lychee_Mayetiola_PostRain_650,Sâu hại,"<div><h2>Mô tả sâu hại</h2><p>Sâu đục cành vải là ấu trùng của một loài ruồi, chúng đục vào bên trong cành non, gây tổn thương nghiêm trọng cho cây.</p><h3>Triệu chứng</h3><ul><li>Cành non bị sưng, biến dạng.</li><li>Cành bị héo, khô và chết.</li><li>Cây chậm phát triển, năng suất giảm.</li></ul><h3>Nguyên nhân</h3><p>Sâu hại phát triển mạnh trong điều kiện:</p><ul><li>Thời tiết ẩm ướt, sau cơn mưa.</li><li>Thiếu vệ sinh vườn.</li></ul><h3>Thông tin thêm</h3><ul><li><strong>Tên khoa học:</strong> Mayetiola spp.</li><li><strong>Lưu ý quan trọng:</strong> Thường xuyên kiểm tra vườn để phát hiện và xử lý sớm.</li></ul></div>","Cách phòng trừ: Phun thuốc trừ sâu hóa học hoặc sử dụng các biện pháp sinh học.",https://example.com/lychee_mayetiola.jpg,Vải
Bệnh thán thư xoài,Mango_Mango__Anthracnose (230),Bệnh nấm,"<div><h2>Mô tả bệnh</h2><p>Bệnh thán thư xoài do nấm <strong>Colletotrichum gloeosporioides</strong> gây ra. Bệnh này gây hại cho lá, hoa và quả, làm giảm năng suất nghiêm trọng.</p><h3>Triệu chứng</h3><ul><li>Xuất hiện các đốm nhỏ, màu nâu hoặc đen trên lá, hoa và quả.</li><li>Hoa và quả non bị khô và rụng.</li><li>Trên quả, các đốm bệnh làm quả bị thối.</li></ul><h3>Nguyên nhân</h3><p>Bệnh phát triển mạnh trong điều kiện:</p><ul><li>Thời tiết ẩm ướt, mưa nhiều.</li><li>Thiếu thông gió.</li></ul><h3>Thông tin thêm</h3><ul><li><strong>Tên khoa học:</strong> Colletotrichum gloeosporioides</li><li><strong>Lưu ý quan trọng:</strong> Cắt tỉa cành, vệ sinh vườn và phun thuốc phòng ngừa đúng lúc.</li></ul></div>","Cách phòng trừ: Phun các loại thuốc trừ nấm như Mancozeb, Carbendazim.",https://example.com/mango_anthracnose.jpg,Xoài
Bệnh loét vi khuẩn xoài,Mango_Mango__Bacterial_Canker (458),Bệnh vi khuẩn,"<div><h2>Mô tả bệnh</h2><p>Bệnh loét vi khuẩn xoài do vi khuẩn <strong>Xanthomonas campestris pv. mangiferaeindicae</strong> gây ra. Bệnh này ảnh hưởng đến lá, cành và quả, làm giảm giá trị thương mại của sản phẩm.</p><h3>Triệu chứng</h3><ul><li>Xuất hiện các đốm nhỏ, hình tròn, màu nâu nhạt hoặc xám, có quầng sáng bao quanh trên lá.</li><li>Các đốm có thể có vết loét, làm lá bị xoăn và rụng.</li><li>Trên quả, các đốm bệnh làm quả bị sần sùi, mất thẩm mỹ.</li></ul><h3>Nguyên nhân</h3><p>Bệnh phát triển mạnh trong điều kiện:</p><ul><li>Độ ẩm cao, mưa nhiều.</li><li>Gió mạnh, gây tổn thương cho cây.</li></ul><h3>Thông tin thêm</h3><ul><li><strong>Tên khoa học:</strong> Xanthomonas campestris pv. mangiferaeindicae</li><li><strong>Lưu ý quan trọng:</strong> Cắt bỏ và tiêu hủy các cành, lá bị bệnh. Phun thuốc phòng ngừa đúng lúc.</li></ul></div>","Cách phòng trừ: Sử dụng các loại thuốc kháng sinh nông nghiệp như Copper hydroxide.",https://example.com/mango_bacterial_canker.jpg,Xoài
Sâu đục thân xoài,Mango_Mango__Cutting_Weevil (332),Sâu hại,"<div><h2>Mô tả sâu hại</h2><p>Sâu đục thân xoài là ấu trùng của một loài bọ cánh cứng, chúng đục vào bên trong thân và cành cây, gây tổn thương nghiêm trọng cho cây.</p><h3>Triệu chứng</h3><ul><li>Cành và thân cây có lỗ đục, có thể có mùn cưa.</li><li>Cành bị héo, khô và chết.</li><li>Cây chậm phát triển, năng suất giảm.</li></ul><h3>Nguyên nhân</h3><p>Sâu hại phát triển mạnh trong điều kiện:</p><ul><li>Thời tiết khô nóng, thiếu mưa.</li><li>Thiếu vệ sinh vườn.</li></ul><h3>Thông tin thêm</h3><ul><li><strong>Lưu ý quan trọng:</strong> Thường xuyên kiểm tra vườn để phát hiện và xử lý sớm.</li></ul></div>","Cách phòng trừ: Phun thuốc trừ sâu hóa học hoặc sử dụng các biện pháp sinh học.",https://example.com/mango_cutting_weevil.jpg,Xoài
Bệnh thối ngọn xoài,Mango_Mango__Die_Back (225),Bệnh nấm,"<div><h2>Mô tả bệnh</h2><p>Bệnh thối ngọn xoài do nấm <strong>Lasiodiplodia theobromae</strong> gây ra. Bệnh này làm khô ngọn và cành non, ảnh hưởng đến sự phát triển của cây.</p><h3>Triệu chứng</h3><ul><li>Ngọn và cành non bị héo, chuyển sang màu nâu đen.</li><li>Trên thân và cành có các vết loét.</li><li>Cây chậm phát triển, năng suất giảm.</li></ul><h3>Nguyên nhân</h3><p>Bệnh phát triển mạnh trong điều kiện:</p><ul><li>Thời tiết ẩm ướt.</li><li>Cây bị tổn thương.</li></ul><h3>Thông tin thêm</h3><ul><li><strong>Tên khoa học:</strong> Lasiodiplodia theobromae</li><li><strong>Lưu ý quan trọng:</strong> Cắt bỏ và tiêu hủy các cành bị bệnh. Phun thuốc phòng ngừa đúng lúc.</li></ul></div>","Cách phòng trừ: Phun các loại thuốc trừ nấm như Carbendazim, Mancozeb.",https://example.com/mango_die_back.jpg,Xoài
Sâu đục quả xoài,Mango_Mango__Gall_Midge (477),Sâu hại,"<div><h2>Mô tả sâu hại</h2><p>Sâu đục quả xoài là ấu trùng của một loài ruồi, chúng đẻ trứng vào quả non, sau đó ấu trùng nở và ăn bên trong quả, gây thối quả.</p><h3>Triệu chứng</h3><ul><li>Trên quả có các đốm nhỏ, sau đó chuyển sang màu nâu và thối.</li><li>Quả bị biến dạng, rụng sớm.</li><li>Năng suất giảm nghiêm trọng.</li></ul><h3>Nguyên nhân</h3><p>Sâu hại phát triển mạnh trong điều kiện:</p><ul><li>Thời tiết ẩm ướt, mưa nhiều.</li><li>Thiếu vệ sinh vườn.</li></ul><h3>Thông tin thêm</h3><ul><li><strong>Lưu ý quan trọng:</strong> Thường xuyên kiểm tra vườn để phát hiện và xử lý sớm.</li></ul></div>","Cách phòng trừ: Phun thuốc trừ sâu hóa học hoặc sử dụng các biện pháp sinh học.",https://example.com/mango_gall_midge.jpg,Xoài
Cây xoài khỏe mạnh,Mango_Mango__Healthy (331),Không bệnh,"<div><h2>Mô tả trạng thái</h2><p>Cây xoài khỏe mạnh có lá xanh tươi, thân cây cứng cáp và phát triển bình thường. Cây ra hoa, kết quả đều, đảm bảo năng suất cao.</p><h3>Đặc điểm</h3><ul><li>Lá có màu xanh đậm, không có đốm hoặc vết bệnh.</li><li>Thân cây thẳng và khỏe.</li><li>Quả đều, đẹp.</li></ul><h3>Thông tin thêm</h3><ul><li><strong>Lưu ý quan trọng:</strong> Duy trì chế độ chăm sóc, bón phân và tưới nước hợp lý để cây phát triển tốt nhất.</li></ul></div>","Cách phòng trừ: Chăm sóc tốt, bón phân cân đối và tưới nước hợp lý.",https://example.com/mango_healthy.jpg,Xoài
Bệnh phấn trắng xoài,Mango_Mango__Powdery_Mildew (407),Bệnh nấm,"<div><h2>Mô tả bệnh</h2><p>Bệnh phấn trắng xoài do nấm <strong>Oidium mangiferae</strong> gây ra. Bệnh này làm giảm khả năng quang hợp của cây, ảnh hưởng đến chất lượng và sản lượng quả.</p><h3>Triệu chứng</h3><ul><li>Xuất hiện lớp phấn trắng mịn trên lá, hoa và quả.</li><li>Hoa và quả non bị khô và rụng.</li><li>Lá bị xoăn, biến dạng.</li></ul><h3>Nguyên nhân</h3><p>Bệnh phát triển mạnh trong điều kiện:</p><ul><li>Thời tiết khô nóng, ít mưa.</li><li>Độ ẩm không khí cao, nhưng bề mặt lá khô.</li></ul><h3>Thông tin thêm</h3><ul><li><strong>Tên khoa học:</strong> Oidium mangiferae</li><li><strong>Lưu ý quan trọng:</strong> Tỉa cành, vệ sinh vườn và phun thuốc phòng ngừa sớm.</li></ul></div>","Cách phòng trừ: Phun các loại thuốc trừ nấm như lưu huỳnh, Azoxystrobin.",https://example.com/mango_powdery_mildew.jpg,Xoài
Bệnh muội đen xoài,Mango_Mango__Sooty_Mould (341),Bệnh nấm,"<div><h2>Mô tả bệnh</h2><p>Bệnh muội đen xoài do nấm <strong>Capnodium spp.</strong> gây ra. Nấm này phát triển trên chất thải của rệp sáp và các loại côn trùng khác, làm giảm khả năng quang hợp của cây.</p><h3>Triệu chứng</h3><ul><li>Xuất hiện lớp muội đen như bồ hóng trên lá và quả.</li><li>Lớp muội đen làm lá bị đen, cản trở quang hợp.</li><li>Quả bị bẩn, mất thẩm mỹ.</li></ul><h3>Nguyên nhân</h3><p>Bệnh phát triển mạnh trong điều kiện:</p><ul><li>Rệp sáp và các loại côn trùng khác phát triển mạnh.</li><li>Thiếu vệ sinh vườn.</li></ul><h3>Thông tin thêm</h3><ul><li><strong>Tên khoa học:</strong> Capnodium spp.</li><li><strong>Lưu ý quan trọng:</strong> Kiểm soát rệp sáp và các loại côn trùng khác là biện pháp hiệu quả nhất.</li></ul></div>","Cách phòng trừ: Kiểm soát rệp sáp bằng thuốc trừ sâu. Rửa sạch lá bằng nước.",https://example.com/mango_sooty_mould.jpg,Xoài
Cây chè khỏe mạnh,Tea_Tea__Healthy (800),Không bệnh,"<div><h2>Mô tả trạng thái</h2><p>Cây chè khỏe mạnh có lá xanh tươi, búp non phát triển đều. Cây phát triển mạnh mẽ, đảm bảo năng suất và chất lượng sản phẩm cao.</p><h3>Đặc điểm</h3><ul><li>Lá có màu xanh đậm, không có đốm hoặc vết bệnh.</li><li>Búp non tươi, không bị sâu hại.</li><li>Cây phát triển đồng đều, tán lá rộng.</li></ul><h3>Thông tin thêm</h3><ul><li><strong>Lưu ý quan trọng:</strong> Duy trì chế độ chăm sóc, bón phân và tưới nước hợp lý để cây phát triển tốt nhất.</li></ul></div>","Cách phòng trừ: Chăm sóc tốt, bón phân cân đối và tưới nước hợp lý.",https://example.com/tea_healthy.jpg,Chè
Bọ xít muỗi hại chè,Tea_Tea__Helopeltis (800),Sâu hại,"<div><h2>Mô tả sâu hại</h2><p>Bọ xít muỗi (Helopeltis spp.) là loài côn trùng gây hại phổ biến trên cây chè, chích hút nhựa búp và lá non, làm giảm năng suất và chất lượng chè.</p><h3>Triệu chứng</h3><ul><li>Búp và lá non có các vết chích nhỏ, sau đó chuyển sang màu nâu hoặc đen.</li><li>Lá bị xoăn, biến dạng.</li><li>Cây chậm phát triển, năng suất giảm.</li></ul><h3>Nguyên nhân</h3><p>Sâu hại phát triển mạnh trong điều kiện:</p><ul><li>Thời tiết ẩm ướt, mưa nhiều.</li><li>Thiếu vệ sinh vườn.</li></ul><h3>Thông tin thêm</h3><ul><li><strong>Tên khoa học:</strong> Helopeltis spp.</li><li><strong>Lưu ý quan trọng:</strong> Thường xuyên kiểm tra vườn để phát hiện và xử lý sớm.</li></ul></div>","Cách phòng trừ: Phun thuốc trừ sâu hóa học hoặc sử dụng các biện pháp sinh học.",https://example.com/tea_helopeltis.jpg,Chè
Bệnh cháy xám chè,Tea_Tea__Gray_Blight (800),Bệnh nấm,"<div><h2>Mô tả bệnh</h2><p>Bệnh cháy xám chè do nấm <strong>Pestalotiopsis theae</strong> gây ra. Bệnh này làm giảm diện tích lá quang hợp, ảnh hưởng đến năng suất và chất lượng chè.</p><h3>Triệu chứng</h3><ul><li>Xuất hiện các đốm nhỏ, hình tròn, màu xám hoặc nâu trên lá.</li><li>Các đốm có thể có quầng sáng bao quanh.</li><li>Lá bị khô và rụng sớm.</li></ul><h3>Nguyên nhân</h3><p>Bệnh phát triển mạnh trong điều kiện:</p><ul><li>Độ ẩm cao, mưa nhiều.</li><li>Thiếu thông gió.</li></ul><h3>Thông tin thêm</h3><ul><li><strong>Tên khoa học:</strong> Pestalotiopsis theae</li><li><strong>Lưu ý quan trọng:</strong> Vệ sinh vườn, tỉa bớt cành và phun thuốc phòng ngừa.</li></ul></div>","Cách phòng trừ: Phun các loại thuốc trừ nấm như Mancozeb, Chlorothalonil.",https://example.com/tea_gray_blight.jpg,Chè
Bệnh cháy lá nâu chè,Tea_Tea__Brown_Blight (693),Bệnh nấm,"<div><h2>Mô tả bệnh</h2><p>Bệnh cháy lá nâu chè do nấm <strong>Colletotrichum camelliae</strong> gây ra. Bệnh này làm giảm diện tích lá quang hợp, ảnh hưởng đến năng suất và chất lượng chè.</p><h3>Triệu chứng</h3><ul><li>Xuất hiện các đốm nhỏ, hình tròn, màu nâu sẫm trên lá.</li><li>Các đốm có thể lan rộng và hợp nhất, làm lá bị khô và cháy.</li><li>Lá bị rụng sớm.</li></ul><h3>Nguyên nhân</h3><p>Bệnh phát triển mạnh trong điều kiện:</p><ul><li>Độ ẩm cao, mưa nhiều.</li><li>Thiếu thông gió.</li></ul><h3>Thông tin thêm</h3><ul><li><strong>Tên khoa học:</strong> Colletotrichum camelliae</li><li><strong>Lưu ý quan trọng:</strong> Vệ sinh vườn, tỉa bớt cành và phun thuốc phòng ngừa.</li></ul></div>","Cách phòng trừ: Phun các loại thuốc trừ nấm như Mancozeb, Carbendazim.",https://example.com/tea_brown_blight.jpg,Chè
Bệnh đốm tảo chè,Tea_Tea__Algal_Spot (800),Bệnh tảo,"<div><h2>Mô tả bệnh</h2><p>Bệnh đốm tảo chè do tảo <strong>Cephaleuros virescens</strong> gây ra. Bệnh này làm giảm diện tích lá quang hợp, ảnh hưởng đến năng suất.</p><h3>Triệu chứng</h3><ul><li>Xuất hiện các đốm nhỏ, hình tròn, màu cam hoặc nâu đỏ trên lá.</li><li>Các đốm có thể có các vòng đồng tâm.</li><li>Lá bị vàng và rụng sớm.</li></ul><h3>Nguyên nhân</h3><p>Bệnh phát triển mạnh trong điều kiện:</p><ul><li>Độ ẩm cao, mưa nhiều.</li><li>Thiếu thông gió.</li></ul><h3>Thông tin thêm</h3><ul><li><strong>Tên khoa học:</strong> Cephaleuros virescens</li><li><strong>Lưu ý quan trọng:</strong> Vệ sinh vườn, tỉa bớt cành và phun thuốc phòng ngừa.</li></ul></div>","Cách phòng trừ: Phun các loại thuốc trừ nấm có gốc đồng như Copper oxychloride.",https://example.com/tea_algal_spot.jpg,Chè
Bệnh đốm đỏ chè,Tea_Tea__Red_Spot (800),Bệnh nấm,"<div><h2>Mô tả bệnh</h2><p>Bệnh đốm đỏ chè do nấm <strong>Pestalotiopsis spp.</strong> gây ra. Bệnh này làm giảm diện tích lá quang hợp, ảnh hưởng đến năng suất và chất lượng chè.</p><h3>Triệu chứng</h3><ul><li>Xuất hiện các đốm nhỏ, hình tròn, màu đỏ hoặc nâu đỏ trên lá.</li><li>Các đốm có thể có quầng sáng bao quanh.</li><li>Lá bị vàng và rụng sớm.</li></ul><h3>Nguyên nhân</h3><p>Bệnh phát triển mạnh trong điều kiện:</p><ul><li>Độ ẩm cao, mưa nhiều.</li><li>Thiếu thông gió.</li></ul><h3>Thông tin thêm</h3><ul><li><strong>Tên khoa học:</strong> Pestalotiopsis spp.</li><li><strong>Lưu ý quan trọng:</strong> Vệ sinh vườn, tỉa bớt cành và phun thuốc phòng ngừa.</li></ul></div>","Cách phòng trừ: Phun các loại thuốc trừ nấm như Mancozeb, Chlorothalonil.",https://example.com/tea_red_spot.jpg,Chè
Bệnh gỉ sắt cà phê,Coffee_Coffee__Rust (256),Bệnh nấm,"<div><h2>Mô tả bệnh</h2><p>Bệnh gỉ sắt cà phê do nấm <strong>Hemileia vastatrix</strong> gây ra. Đây là một trong những bệnh nguy hiểm nhất đối với cây cà phê, có thể gây mất mùa nghiêm trọng.</p><h3>Triệu chứng</h3><ul><li>Mặt dưới lá xuất hiện các đốm nhỏ, màu vàng hoặc cam, sau đó chuyển sang màu nâu sẫm.</li><li>Lá bị vàng và rụng sớm.</li><li>Cây chậm phát triển, còi cọc, năng suất giảm.</li></ul><h3>Nguyên nhân</h3><p>Bệnh phát triển mạnh trong điều kiện:</p><ul><li>Độ ẩm cao, nhiệt độ mát mẻ.</li><li>Thiếu dinh dưỡng.</li></ul><h3>Thông tin thêm</h3><ul><li><strong>Tên khoa học:</strong> Hemileia vastatrix</li><li><strong>Lưu ý quan trọng:</strong> Sử dụng giống kháng bệnh và phun thuốc phòng ngừa đúng lúc.</li></ul></div>","Cách phòng trừ: Phun các loại thuốc trừ nấm như Triazole, Mancozeb.",https://example.com/coffee_rust.jpg,Cà phê
Bệnh đốm Phoma cà phê,Coffee_Coffee__Phoma (388),Bệnh nấm,"<div><h2>Mô tả bệnh</h2><p>Bệnh đốm Phoma cà phê do nấm <strong>Phoma spp.</strong> gây ra. Bệnh này ảnh hưởng đến lá, cành và quả, làm giảm năng suất.</p><h3>Triệu chứng</h3><ul><li>Xuất hiện các đốm nhỏ, hình tròn, màu nâu sẫm trên lá.</li><li>Các đốm có thể có quầng sáng bao quanh.</li><li>Lá bị rụng sớm.</li></ul><h3>Nguyên nhân</h3><p>Bệnh phát triển mạnh trong điều kiện:</p><ul><li>Độ ẩm cao, mưa nhiều.</li><li>Thiếu thông gió.</li></ul><h3>Thông tin thêm</h3><ul><li><strong>Tên khoa học:</strong> Phoma spp.</li><li><strong>Lưu ý quan trọng:</strong> Vệ sinh vườn, tỉa bớt cành và phun thuốc phòng ngừa.</li></ul></div>","Cách phòng trừ: Phun các loại thuốc trừ nấm như Mancozeb, Chlorothalonil.",https://example.com/coffee_phoma.jpg,Cà phê
Sâu đục quả cà phê,Coffee_Coffee__Miner (368),Sâu hại,"<div><h2>Mô tả sâu hại</h2><p>Sâu đục quả cà phê là ấu trùng của một loài bướm, chúng đục vào bên trong quả cà phê và ăn phần nhân quả, gây thiệt hại nghiêm trọng cho năng suất.</p><h3>Triệu chứng</h3><ul><li>Trên quả cà phê có các lỗ đục nhỏ.</li><li>Quả bị thối và rụng sớm.</li><li>Năng suất giảm nghiêm trọng.</li></ul><h3>Nguyên nhân</h3><p>Sâu hại phát triển mạnh trong điều kiện:</p><ul><li>Thời tiết khô nóng, thiếu mưa.</li><li>Thiếu vệ sinh vườn.</li></ul><h3>Thông tin thêm</h3><ul><li><strong>Lưu ý quan trọng:</strong> Thường xuyên kiểm tra vườn để phát hiện và xử lý sớm.</li></ul></div>","Cách phòng trừ: Phun thuốc trừ sâu hóa học hoặc sử dụng các biện pháp sinh học.",https://example.com/coffee_miner.jpg,Cà phê
Cây cà phê khỏe mạnh,Coffee_Coffee__Healthy (320),Không bệnh,"<div><h2>Mô tả trạng thái</h2><p>Cây cà phê khỏe mạnh có lá xanh tươi, cành lá sum suê, không có dấu hiệu của sâu bệnh. Quả cà phê to, đều, đảm bảo năng suất cao.</p><h3>Đặc điểm</h3><ul><li>Lá có màu xanh đậm, không có đốm hoặc vết bệnh.</li><li>Cành cây chắc khỏe, tán lá rộng.</li><li>Quả cà phê to, đều.</li></ul><h3>Thông tin thêm</h3><ul><li><strong>Lưu ý quan trọng:</strong> Duy trì chế độ chăm sóc, bón phân và tưới nước hợp lý để cây phát triển tốt nhất.</li></ul></div>","Cách phòng trừ: Chăm sóc tốt, bón phân cân đối và tưới nước hợp lý.",https://example.com/coffee_healthy.jpg,Cà phê
Cây mít khỏe mạnh,Jackfruit_Jackfruit__Healthy (400),Không bệnh,"<div><h2>Mô tả trạng thái</h2><p>Cây mít khỏe mạnh có lá xanh tươi, thân cây cứng cáp và phát triển bình thường. Quả mít to, đều, không có dấu hiệu bệnh hay sâu hại.</p><h3>Đặc điểm</h3><ul><li>Lá có màu xanh đậm, không có đốm hoặc vết bệnh.</li><li>Thân cây thẳng và khỏe.</li><li>Quả mít to, đều.</li></ul><h3>Thông tin thêm</h3><ul><li><strong>Lưu ý quan trọng:</strong> Duy trì chế độ chăm sóc, bón phân và tưới nước hợp lý để cây phát triển tốt nhất.</li></ul></div>","Cách phòng trừ: Chăm sóc tốt, bón phân cân đối và tưới nước hợp lý.",https://example.com/jackfruit_healthy.jpg,Mít
Bệnh đốm đen mít,Jackfruit_Jackfruit__Black_Spot (533),Bệnh nấm,"<div><h2>Mô tả bệnh</h2><p>Bệnh đốm đen mít do nấm <strong>Colletotrichum gloeosporioides</strong> gây ra. Bệnh này gây hại cho lá và quả, làm giảm giá trị thương mại của sản phẩm.</p><h3>Triệu chứng</h3><ul><li>Xuất hiện các đốm nhỏ, màu đen trên lá và quả.</li><li>Các đốm trên quả có thể làm quả bị thối.</li><li>Lá bị vàng và rụng sớm.</li></ul><h3>Nguyên nhân</h3><p>Bệnh phát triển mạnh trong điều kiện:</p><ul><li>Thời tiết ẩm ướt, mưa nhiều.</li><li>Thiếu thông gió.</li></ul><h3>Thông tin thêm</h3><ul><li><strong>Tên khoa học:</strong> Colletotrichum gloeosporioides</li><li><strong>Lưu ý quan trọng:</strong> Vệ sinh vườn, tỉa bớt cành và phun thuốc phòng ngừa đúng lúc.</li></ul></div>","Cách phòng trừ: Phun các loại thuốc trừ nấm như Mancozeb, Carbendazim.",https://example.com/jackfruit_black_spot.jpg,Mít
Bệnh đốm tảo mít,Jackfruit_Jackfruit__Algal_Leaf_Spot (747),Bệnh tảo,"<div><h2>Mô tả bệnh</h2><p>Bệnh đốm tảo mít do tảo <strong>Cephaleuros virescens</strong> gây ra. Bệnh này làm giảm diện tích lá quang hợp, ảnh hưởng đến năng suất.</p><h3>Triệu chứng</h3><ul><li>Xuất hiện các đốm nhỏ, hình tròn, màu cam hoặc nâu đỏ trên lá.</li><li>Các đốm có thể có các vòng đồng tâm.</li><li>Lá bị vàng và rụng sớm.</li></ul><h3>Nguyên nhân</h3><p>Bệnh phát triển mạnh trong điều kiện:</p><ul><li>Độ ẩm cao, mưa nhiều.</li><li>Thiếu thông gió.</li></ul><h3>Thông tin thêm</h3><ul><li><strong>Tên khoa học:</strong> Cephaleuros virescens</li><li><strong>Lưu ý quan trọng:</strong> Vệ sinh vườn, tỉa bớt cành và phun thuốc phòng ngừa.</li></ul></div>","Cách phòng trừ: Phun các loại thuốc trừ nấm có gốc đồng như Copper oxychloride.",https://example.com/jackfruit_algal_leaf_spot.jpg,Mít